Category,Id
0,0
3,1
2,2
0,3
3,4
6,5
8,6
6,7
5,8
0,9
3,10
6,11
6,12
6,13
8,14
5,15
6,16
3,17
6,18
2,19
6,20
2,21
2,22
3,23
7,24
5,25
8,26
6,27
2,28
3,29
7,30
7,31
7,32
8,33
3,34
0,35
5,36
6,37
0,38
8,39
2,40
0,41
6,42
6,43
2,44
0,45
3,46
3,47
2,48
3,49
2,50
6,51
2,52
3,53
0,54
5,55
5,56
6,57
2,58
3,59
6,60
5,61
6,62
6,63
3,64
3,65
0,66
5,67
5,68
2,69
7,70
3,71
2,72
2,73
5,74
7,75
3,76
6,77
3,78
3,79
5,80
6,81
3,82
2,83
2,84
8,85
5,86
2,87
3,88
6,89
3,90
6,91
2,92
2,93
8,94
3,95
2,96
7,97
7,98
3,99
7,100
3,101
5,102
6,103
8,104
2,105
3,106
2,107
2,108
7,109
5,110
7,111
3,112
2,113
7,114
5,115
0,116
2,117
7,118
3,119
0,120
7,121
6,122
6,123
7,124
0,125
7,126
5,127
0,128
3,129
3,130
7,131
7,132
2,133
2,134
6,135
2,136
2,137
0,138
2,139
3,140
3,141
3,142
2,143
2,144
6,145
0,146
0,147
3,148
3,149
6,150
3,151
3,152
3,153
5,154
3,155
3,156
3,157
5,158
5,159
6,160
7,161
7,162
3,163
6,164
2,165
0,166
2,167
7,168
2,169
6,170
8,171
5,172
0,173
2,174
2,175
2,176
8,177
7,178
5,179
5,180
3,181
3,182
5,183
3,184
7,185
5,186
6,187
0,188
7,189
3,190
7,191
3,192
6,193
0,194
0,195
2,196
6,197
6,198
5,199
0,200
6,201
2,202
5,203
7,204
8,205
0,206
2,207
3,208
5,209
3,210
2,211
7,212
3,213
5,214
5,215
5,216
6,217
2,218
8,219
7,220
7,221
5,222
3,223
2,224
2,225
5,226
7,227
8,228
3,229
7,230
7,231
6,232
2,233
5,234
7,235
2,236
0,237
5,238
2,239
3,240
5,241
7,242
7,243
0,244
2,245
3,246
5,247
3,248
3,249
8,250
3,251
0,252
6,253
2,254
8,255
6,256
2,257
6,258
3,259
3,260
2,261
2,262
2,263
2,264
7,265
3,266
5,267
2,268
8,269
6,270
8,271
8,272
2,273
7,274
2,275
5,276
5,277
5,278
7,279
8,280
2,281
6,282
8,283
3,284
8,285
3,286
3,287
2,288
2,289
2,290
3,291
8,292
3,293
3,294
0,295
3,296
3,297
7,298
6,299
7,300
2,301
0,302
5,303
8,304
2,305
7,306
3,307
7,308
7,309
3,310
0,311
6,312
3,313
7,314
8,315
7,316
0,317
5,318
6,319
0,320
2,321
7,322
3,323
8,324
7,325
8,326
7,327
7,328
6,329
3,330
2,331
5,332
7,333
6,334
0,335
3,336
6,337
3,338
8,339
6,340
5,341
5,342
0,343
5,344
2,345
5,346
8,347
0,348
6,349
5,350
6,351
2,352
3,353
0,354
8,355
0,356
8,357
5,358
5,359
7,360
2,361
6,362
0,363
7,364
3,365
2,366
7,367
5,368
5,369
8,370
2,371
0,372
2,373
2,374
6,375
6,376
7,377
2,378
5,379
8,380
3,381
5,382
5,383
5,384
3,385
2,386
2,387
7,388
7,389
5,390
3,391
3,392
6,393
7,394
3,395
2,396
2,397
0,398
5,399
0,400
2,401
0,402
2,403
3,404
8,405
7,406
0,407
5,408
0,409
5,410
0,411
5,412
6,413
7,414
7,415
5,416
8,417
2,418
6,419
0,420
2,421
0,422
5,423
8,424
2,425
3,426
0,427
6,428
6,429
6,430
5,431
2,432
3,433
3,434
2,435
7,436
8,437
3,438
8,439
2,440
7,441
0,442
2,443
0,444
7,445
8,446
7,447
6,448
5,449
3,450
2,451
3,452
0,453
5,454
8,455
2,456
7,457
5,458
7,459
5,460
8,461
3,462
6,463
3,464
2,465
7,466
3,467
5,468
2,469
7,470
5,471
5,472
0,473
0,474
7,475
0,476
6,477
7,478
6,479
8,480
6,481
3,482
7,483
3,484
3,485
6,486
5,487
7,488
0,489
8,490
2,491
2,492
8,493
8,494
3,495
7,496
3,497
5,498
3,499
8,500
3,501
2,502
2,503
5,504
3,505
8,506
6,507
6,508
6,509
2,510
5,511
7,512
3,513
2,514
0,515
0,516
2,517
5,518
6,519
5,520
2,521
3,522
8,523
2,524
2,525
5,526
5,527
3,528
7,529
0,530
5,531
5,532
5,533
7,534
3,535
2,536
2,537
2,538
3,539
8,540
2,541
6,542
3,543
2,544
7,545
3,546
7,547
7,548
7,549
7,550
3,551
7,552
2,553
2,554
8,555
2,556
6,557
2,558
8,559
8,560
3,561
7,562
3,563
2,564
7,565
8,566
3,567
2,568
6,569
6,570
7,571
5,572
3,573
7,574
8,575
5,576
3,577
3,578
3,579
2,580
7,581
2,582
6,583
7,584
0,585
2,586
2,587
3,588
6,589
3,590
2,591
0,592
2,593
7,594
2,595
5,596
7,597
0,598
3,599
3,600
3,601
7,602
5,603
5,604
8,605
7,606
3,607
0,608
6,609
7,610
5,611
2,612
2,613
6,614
8,615
0,616
3,617
8,618
5,619
3,620
7,621
8,622
7,623
5,624
3,625
3,626
8,627
3,628
5,629
2,630
7,631
5,632
3,633
7,634
7,635
8,636
3,637
3,638
8,639
6,640
5,641
2,642
2,643
8,644
5,645
6,646
0,647
5,648
3,649
0,650
5,651
7,652
3,653
7,654
7,655
6,656
6,657
2,658
3,659
5,660
2,661
3,662
3,663
8,664
7,665
7,666
5,667
8,668
8,669
2,670
5,671
8,672
3,673
2,674
2,675
6,676
7,677
3,678
7,679
6,680
7,681
7,682
3,683
3,684
8,685
3,686
0,687
3,688
8,689
2,690
0,691
3,692
3,693
0,694
7,695
2,696
7,697
3,698
5,699
3,700
3,701
3,702
2,703
7,704
8,705
2,706
7,707
8,708
7,709
0,710
0,711
3,712
5,713
5,714
6,715
3,716
7,717
7,718
3,719
2,720
5,721
0,722
0,723
7,724
0,725
0,726
5,727
3,728
5,729
8,730
7,731
3,732
5,733
3,734
0,735
3,736
5,737
5,738
2,739
5,740
3,741
8,742
3,743
8,744
8,745
0,746
0,747
8,748
5,749
7,750
7,751
0,752
5,753
5,754
6,755
2,756
7,757
7,758
3,759
3,760
5,761
8,762
3,763
6,764
8,765
7,766
3,767
8,768
8,769
0,770
6,771
7,772
3,773
2,774
0,775
3,776
2,777
3,778
2,779
5,780
6,781
7,782
8,783
8,784
8,785
2,786
0,787
2,788
7,789
8,790
3,791
5,792
3,793
5,794
2,795
2,796
8,797
3,798
3,799
3,800
6,801
3,802
2,803
6,804
7,805
5,806
0,807
3,808
5,809
5,810
2,811
7,812
5,813
5,814
5,815
8,816
0,817
3,818
3,819
0,820
7,821
5,822
0,823
5,824
2,825
6,826
5,827
2,828
5,829
8,830
5,831
7,832
2,833
7,834
3,835
8,836
7,837
6,838
7,839
3,840
7,841
6,842
8,843
8,844
5,845
5,846
0,847
2,848
3,849
7,850
5,851
6,852
0,853
2,854
5,855
0,856
0,857
8,858
8,859
8,860
2,861
2,862
8,863
2,864
6,865
6,866
5,867
6,868
5,869
7,870
5,871
5,872
5,873
2,874
7,875
2,876
7,877
8,878
0,879
3,880
3,881
8,882
3,883
0,884
0,885
0,886
2,887
5,888
7,889
3,890
0,891
3,892
7,893
3,894
5,895
8,896
8,897
3,898
2,899
3,900
0,901
3,902
2,903
5,904
5,905
2,906
6,907
6,908
6,909
5,910
3,911
0,912
0,913
3,914
0,915
3,916
7,917
3,918
7,919
6,920
2,921
2,922
8,923
8,924
3,925
2,926
5,927
2,928
8,929
8,930
3,931
6,932
6,933
8,934
0,935
0,936
2,937
3,938
2,939
3,940
3,941
2,942
5,943
2,944
3,945
0,946
6,947
0,948
2,949
5,950
0,951
5,952
0,953
0,954
2,955
3,956
8,957
7,958
0,959
2,960
6,961
3,962
3,963
6,964
3,965
3,966
2,967
6,968
5,969
0,970
3,971
6,972
7,973
2,974
7,975
0,976
6,977
7,978
2,979
3,980
5,981
3,982
3,983
8,984
8,985
2,986
2,987
6,988
5,989
0,990
7,991
6,992
0,993
2,994
5,995
6,996
7,997
2,998
5,999
2,1000
2,1001
2,1002
5,1003
2,1004
2,1005
8,1006
5,1007
3,1008
3,1009
8,1010
6,1011
3,1012
8,1013
2,1014
2,1015
8,1016
7,1017
5,1018
0,1019
8,1020
5,1021
5,1022
6,1023
3,1024
6,1025
6,1026
5,1027
2,1028
7,1029
5,1030
3,1031
8,1032
3,1033
7,1034
3,1035
2,1036
7,1037
3,1038
5,1039
6,1040
6,1041
5,1042
7,1043
5,1044
5,1045
8,1046
0,1047
2,1048
2,1049
6,1050
2,1051
7,1052
6,1053
3,1054
2,1055
0,1056
8,1057
8,1058
8,1059
7,1060
7,1061
8,1062
0,1063
7,1064
0,1065
7,1066
3,1067
3,1068
2,1069
7,1070
0,1071
3,1072
3,1073
5,1074
5,1075
3,1076
3,1077
6,1078
7,1079
7,1080
5,1081
8,1082
3,1083
3,1084
7,1085
7,1086
8,1087
7,1088
5,1089
5,1090
2,1091
3,1092
7,1093
3,1094
5,1095
7,1096
0,1097
3,1098
2,1099
2,1100
0,1101
7,1102
8,1103
3,1104
7,1105
0,1106
0,1107
3,1108
0,1109
5,1110
0,1111
5,1112
0,1113
2,1114
3,1115
8,1116
3,1117
6,1118
7,1119
2,1120
0,1121
6,1122
2,1123
5,1124
5,1125
8,1126
0,1127
2,1128
3,1129
6,1130
0,1131
6,1132
5,1133
3,1134
7,1135
3,1136
3,1137
0,1138
5,1139
6,1140
5,1141
5,1142
3,1143
7,1144
7,1145
0,1146
7,1147
6,1148
8,1149
2,1150
5,1151
2,1152
3,1153
5,1154
3,1155
3,1156
0,1157
8,1158
6,1159
0,1160
0,1161
7,1162
2,1163
7,1164
0,1165
5,1166
7,1167
8,1168
6,1169
0,1170
8,1171
5,1172
5,1173
7,1174
2,1175
0,1176
6,1177
2,1178
7,1179
3,1180
2,1181
0,1182
6,1183
2,1184
7,1185
5,1186
7,1187
2,1188
3,1189
6,1190
3,1191
5,1192
5,1193
0,1194
7,1195
7,1196
3,1197
3,1198
5,1199
5,1200
5,1201
7,1202
6,1203
6,1204
5,1205
0,1206
8,1207
0,1208
3,1209
8,1210
5,1211
0,1212
2,1213
3,1214
8,1215
3,1216
7,1217
2,1218
2,1219
6,1220
8,1221
2,1222
8,1223
7,1224
5,1225
7,1226
5,1227
8,1228
5,1229
2,1230
6,1231
0,1232
7,1233
2,1234
5,1235
3,1236
3,1237
3,1238
8,1239
3,1240
5,1241
7,1242
5,1243
7,1244
8,1245
8,1246
5,1247
8,1248
5,1249
2,1250
2,1251
6,1252
5,1253
8,1254
6,1255
3,1256
5,1257
0,1258
5,1259
2,1260
7,1261
6,1262
5,1263
6,1264
3,1265
5,1266
5,1267
7,1268
7,1269
6,1270
5,1271
0,1272
5,1273
3,1274
8,1275
5,1276
8,1277
3,1278
7,1279
2,1280
0,1281
5,1282
3,1283
3,1284
7,1285
3,1286
2,1287
3,1288
5,1289
7,1290
7,1291
2,1292
7,1293
0,1294
3,1295
3,1296
7,1297
7,1298
3,1299
6,1300
6,1301
6,1302
3,1303
5,1304
5,1305
6,1306
2,1307
5,1308
2,1309
8,1310
8,1311
2,1312
2,1313
3,1314
2,1315
0,1316
2,1317
5,1318
5,1319
7,1320
2,1321
5,1322
6,1323
8,1324
2,1325
3,1326
5,1327
8,1328
7,1329
7,1330
0,1331
2,1332
2,1333
2,1334
5,1335
2,1336
8,1337
2,1338
0,1339
8,1340
6,1341
3,1342
8,1343
2,1344
0,1345
0,1346
5,1347
5,1348
5,1349
5,1350
6,1351
0,1352
0,1353
7,1354
3,1355
8,1356
8,1357
8,1358
7,1359
0,1360
5,1361
3,1362
3,1363
2,1364
0,1365
6,1366
3,1367
7,1368
5,1369
3,1370
8,1371
5,1372
7,1373
7,1374
0,1375
3,1376
7,1377
3,1378
0,1379
5,1380
3,1381
6,1382
8,1383
5,1384
2,1385
6,1386
0,1387
5,1388
7,1389
0,1390
8,1391
0,1392
2,1393
3,1394
7,1395
6,1396
8,1397
3,1398
5,1399
2,1400
6,1401
7,1402
2,1403
2,1404
0,1405
6,1406
0,1407
0,1408
0,1409
7,1410
3,1411
2,1412
3,1413
7,1414
6,1415
3,1416
0,1417
3,1418
2,1419
5,1420
6,1421
2,1422
0,1423
7,1424
0,1425
2,1426
2,1427
6,1428
2,1429
0,1430
0,1431
5,1432
3,1433
2,1434
6,1435
6,1436
7,1437
0,1438
7,1439
2,1440
0,1441
7,1442
3,1443
3,1444
0,1445
6,1446
8,1447
6,1448
3,1449
3,1450
3,1451
0,1452
3,1453
3,1454
2,1455
8,1456
2,1457
0,1458
6,1459
3,1460
5,1461
8,1462
5,1463
6,1464
3,1465
5,1466
3,1467
3,1468
3,1469
3,1470
6,1471
6,1472
7,1473
0,1474
2,1475
7,1476
0,1477
5,1478
7,1479
2,1480
0,1481
6,1482
2,1483
5,1484
0,1485
3,1486
2,1487
2,1488
2,1489
8,1490
2,1491
5,1492
3,1493
3,1494
8,1495
3,1496
8,1497
7,1498
3,1499
0,1500
5,1501
2,1502
5,1503
6,1504
3,1505
3,1506
7,1507
7,1508
5,1509
7,1510
6,1511
5,1512
3,1513
3,1514
6,1515
3,1516
3,1517
8,1518
7,1519
3,1520
3,1521
3,1522
8,1523
8,1524
0,1525
5,1526
0,1527
6,1528
6,1529
2,1530
7,1531
7,1532
2,1533
2,1534
5,1535
2,1536
6,1537
5,1538
5,1539
7,1540
5,1541
6,1542
3,1543
3,1544
3,1545
3,1546
2,1547
5,1548
7,1549
3,1550
6,1551
3,1552
7,1553
2,1554
3,1555
2,1556
7,1557
2,1558
7,1559
3,1560
5,1561
6,1562
2,1563
8,1564
6,1565
7,1566
5,1567
0,1568
7,1569
5,1570
3,1571
2,1572
3,1573
7,1574
0,1575
5,1576
3,1577
8,1578
8,1579
5,1580
3,1581
8,1582
2,1583
3,1584
5,1585
7,1586
8,1587
6,1588
7,1589
5,1590
8,1591
2,1592
7,1593
6,1594
7,1595
0,1596
0,1597
7,1598
6,1599
6,1600
6,1601
8,1602
0,1603
3,1604
2,1605
5,1606
3,1607
3,1608
0,1609
2,1610
8,1611
3,1612
5,1613
8,1614
5,1615
2,1616
7,1617
7,1618
5,1619
0,1620
2,1621
5,1622
6,1623
2,1624
8,1625
2,1626
2,1627
2,1628
7,1629
8,1630
3,1631
7,1632
3,1633
3,1634
6,1635
6,1636
8,1637
3,1638
7,1639
6,1640
7,1641
2,1642
0,1643
7,1644
3,1645
3,1646
0,1647
2,1648
2,1649
2,1650
6,1651
8,1652
3,1653
0,1654
8,1655
3,1656
2,1657
3,1658
0,1659
3,1660
6,1661
2,1662
0,1663
6,1664
7,1665
6,1666
6,1667
3,1668
2,1669
2,1670
3,1671
3,1672
0,1673
7,1674
7,1675
5,1676
2,1677
2,1678
5,1679
3,1680
3,1681
3,1682
3,1683
5,1684
0,1685
3,1686
7,1687
7,1688
0,1689
5,1690
0,1691
7,1692
8,1693
6,1694
2,1695
7,1696
2,1697
6,1698
2,1699
5,1700
3,1701
2,1702
2,1703
0,1704
2,1705
6,1706
0,1707
2,1708
0,1709
5,1710
0,1711
3,1712
8,1713
6,1714
3,1715
3,1716
2,1717
8,1718
7,1719
2,1720
5,1721
6,1722
2,1723
5,1724
7,1725
7,1726
2,1727
5,1728
6,1729
2,1730
0,1731
6,1732
8,1733
8,1734
5,1735
0,1736
8,1737
0,1738
0,1739
7,1740
5,1741
7,1742
7,1743
0,1744
7,1745
3,1746
3,1747
5,1748
6,1749
2,1750
5,1751
3,1752
6,1753
5,1754
7,1755
0,1756
7,1757
5,1758
8,1759
0,1760
7,1761
0,1762
6,1763
6,1764
5,1765
3,1766
8,1767
6,1768
3,1769
5,1770
3,1771
0,1772
0,1773
2,1774
3,1775
3,1776
8,1777
5,1778
6,1779
2,1780
7,1781
3,1782
3,1783
6,1784
6,1785
6,1786
2,1787
2,1788
3,1789
3,1790
2,1791
0,1792
5,1793
2,1794
2,1795
5,1796
3,1797
3,1798
2,1799
3,1800
3,1801
3,1802
7,1803
6,1804
6,1805
2,1806
5,1807
7,1808
3,1809
0,1810
6,1811
5,1812
7,1813
0,1814
3,1815
5,1816
2,1817
3,1818
3,1819
7,1820
3,1821
5,1822
2,1823
8,1824
7,1825
2,1826
2,1827
5,1828
2,1829
5,1830
0,1831
3,1832
0,1833
3,1834
2,1835
3,1836
7,1837
2,1838
5,1839
3,1840
3,1841
0,1842
5,1843
3,1844
3,1845
8,1846
3,1847
8,1848
3,1849
6,1850
5,1851
5,1852
3,1853
0,1854
0,1855
3,1856
0,1857
7,1858
0,1859
5,1860
5,1861
0,1862
7,1863
6,1864
2,1865
3,1866
5,1867
7,1868
2,1869
8,1870
2,1871
3,1872
0,1873
2,1874
7,1875
3,1876
0,1877
3,1878
0,1879
7,1880
8,1881
2,1882
5,1883
7,1884
5,1885
2,1886
6,1887
0,1888
3,1889
3,1890
0,1891
3,1892
7,1893
2,1894
2,1895
8,1896
6,1897
6,1898
5,1899
5,1900
0,1901
5,1902
7,1903
3,1904
7,1905
3,1906
3,1907
5,1908
2,1909
3,1910
2,1911
3,1912
5,1913
6,1914
7,1915
3,1916
7,1917
8,1918
2,1919
3,1920
7,1921
3,1922
2,1923
7,1924
6,1925
7,1926
6,1927
5,1928
3,1929
5,1930
7,1931
6,1932
8,1933
5,1934
5,1935
3,1936
2,1937
3,1938
2,1939
2,1940
7,1941
5,1942
5,1943
8,1944
0,1945
3,1946
5,1947
3,1948
3,1949
8,1950
8,1951
2,1952
5,1953
7,1954
2,1955
7,1956
3,1957
6,1958
5,1959
5,1960
0,1961
5,1962
2,1963
2,1964
3,1965
6,1966
6,1967
2,1968
7,1969
8,1970
0,1971
3,1972
2,1973
6,1974
3,1975
2,1976
8,1977
8,1978
0,1979
3,1980
8,1981
2,1982
7,1983
5,1984
7,1985
7,1986
3,1987
0,1988
3,1989
2,1990
6,1991
0,1992
0,1993
7,1994
6,1995
5,1996
2,1997
5,1998
8,1999
8,2000
7,2001
3,2002
2,2003
5,2004
5,2005
8,2006
7,2007
0,2008
6,2009
2,2010
8,2011
5,2012
0,2013
3,2014
0,2015
6,2016
5,2017
3,2018
5,2019
2,2020
3,2021
3,2022
7,2023
7,2024
3,2025
2,2026
3,2027
5,2028
6,2029
6,2030
5,2031
0,2032
7,2033
3,2034
8,2035
3,2036
3,2037
8,2038
0,2039
5,2040
0,2041
0,2042
3,2043
6,2044
2,2045
8,2046
3,2047
8,2048
2,2049
7,2050
2,2051
8,2052
7,2053
3,2054
5,2055
7,2056
6,2057
5,2058
8,2059
7,2060
2,2061
2,2062
3,2063
8,2064
5,2065
0,2066
3,2067
8,2068
3,2069
3,2070
0,2071
8,2072
2,2073
7,2074
3,2075
2,2076
2,2077
2,2078
7,2079
3,2080
3,2081
3,2082
3,2083
5,2084
0,2085
2,2086
2,2087
0,2088
3,2089
0,2090
5,2091
3,2092
2,2093
2,2094
8,2095
5,2096
7,2097
3,2098
7,2099
3,2100
8,2101
3,2102
3,2103
3,2104
5,2105
3,2106
3,2107
2,2108
7,2109
3,2110
3,2111
7,2112
8,2113
0,2114
6,2115
2,2116
5,2117
3,2118
2,2119
5,2120
0,2121
3,2122
8,2123
2,2124
0,2125
6,2126
3,2127
3,2128
7,2129
0,2130
8,2131
7,2132
6,2133
0,2134
3,2135
8,2136
0,2137
0,2138
0,2139
7,2140
5,2141
2,2142
6,2143
0,2144
6,2145
3,2146
3,2147
6,2148
3,2149
3,2150
7,2151
7,2152
3,2153
5,2154
7,2155
2,2156
3,2157
8,2158
7,2159
5,2160
7,2161
5,2162
2,2163
8,2164
5,2165
8,2166
3,2167
2,2168
2,2169
6,2170
0,2171
2,2172
6,2173
2,2174
5,2175
8,2176
2,2177
7,2178
6,2179
7,2180
2,2181
5,2182
3,2183
6,2184
8,2185
2,2186
7,2187
7,2188
8,2189
5,2190
6,2191
3,2192
7,2193
2,2194
3,2195
5,2196
3,2197
0,2198
3,2199
0,2200
7,2201
5,2202
5,2203
5,2204
0,2205
3,2206
6,2207
3,2208
2,2209
5,2210
0,2211
3,2212
0,2213
6,2214
3,2215
2,2216
2,2217
8,2218
3,2219
2,2220
0,2221
5,2222
8,2223
6,2224
3,2225
2,2226
2,2227
5,2228
5,2229
5,2230
6,2231
2,2232
2,2233
5,2234
8,2235
5,2236
3,2237
5,2238
0,2239
5,2240
0,2241
7,2242
6,2243
7,2244
3,2245
2,2246
5,2247
6,2248
2,2249
8,2250
0,2251
3,2252
3,2253
8,2254
3,2255
6,2256
6,2257
8,2258
3,2259
3,2260
3,2261
3,2262
5,2263
5,2264
5,2265
8,2266
6,2267
3,2268
3,2269
2,2270
0,2271
2,2272
0,2273
2,2274
5,2275
6,2276
5,2277
7,2278
2,2279
6,2280
8,2281
0,2282
0,2283
5,2284
7,2285
8,2286
3,2287
6,2288
3,2289
3,2290
6,2291
6,2292
8,2293
2,2294
3,2295
0,2296
8,2297
6,2298
5,2299
7,2300
2,2301
8,2302
5,2303
7,2304
5,2305
6,2306
0,2307
3,2308
6,2309
2,2310
7,2311
0,2312
0,2313
5,2314
2,2315
5,2316
3,2317
8,2318
3,2319
5,2320
7,2321
7,2322
8,2323
6,2324
2,2325
8,2326
2,2327
6,2328
3,2329
3,2330
0,2331
5,2332
7,2333
6,2334
8,2335
6,2336
7,2337
3,2338
8,2339
3,2340
3,2341
2,2342
8,2343
8,2344
2,2345
8,2346
8,2347
0,2348
7,2349
6,2350
2,2351
7,2352
5,2353
3,2354
6,2355
5,2356
3,2357
7,2358
2,2359
7,2360
3,2361
6,2362
0,2363
6,2364
0,2365
3,2366
2,2367
5,2368
3,2369
3,2370
5,2371
0,2372
6,2373
5,2374
6,2375
3,2376
8,2377
5,2378
8,2379
3,2380
0,2381
3,2382
3,2383
2,2384
3,2385
2,2386
2,2387
3,2388
7,2389
5,2390
3,2391
5,2392
6,2393
0,2394
0,2395
3,2396
8,2397
0,2398
8,2399
2,2400
3,2401
5,2402
6,2403
5,2404
7,2405
3,2406
7,2407
5,2408
8,2409
8,2410
2,2411
5,2412
2,2413
3,2414
0,2415
3,2416
6,2417
5,2418
2,2419
0,2420
2,2421
3,2422
5,2423
6,2424
0,2425
8,2426
7,2427
8,2428
6,2429
5,2430
7,2431
6,2432
2,2433
6,2434
3,2435
3,2436
0,2437
2,2438
0,2439
3,2440
3,2441
0,2442
7,2443
0,2444
3,2445
5,2446
5,2447
3,2448
8,2449
3,2450
2,2451
8,2452
3,2453
8,2454
7,2455
5,2456
8,2457
6,2458
3,2459
0,2460
6,2461
5,2462
8,2463
5,2464
8,2465
5,2466
0,2467
5,2468
3,2469
7,2470
3,2471
8,2472
2,2473
3,2474
5,2475
3,2476
3,2477
8,2478
3,2479
3,2480
6,2481
7,2482
3,2483
3,2484
5,2485
5,2486
0,2487
0,2488
3,2489
6,2490
5,2491
0,2492
8,2493
6,2494
7,2495
2,2496
5,2497
3,2498
8,2499
8,2500
3,2501
5,2502
5,2503
0,2504
8,2505
8,2506
5,2507
3,2508
0,2509
7,2510
7,2511
8,2512
6,2513
5,2514
3,2515
0,2516
2,2517
2,2518
8,2519
3,2520
0,2521
2,2522
6,2523
6,2524
3,2525
5,2526
5,2527
5,2528
2,2529
7,2530
8,2531
6,2532
3,2533
8,2534
6,2535
8,2536
7,2537
3,2538
0,2539
5,2540
5,2541
2,2542
7,2543
7,2544
3,2545
3,2546
2,2547
3,2548
2,2549
2,2550
3,2551
6,2552
0,2553
0,2554
6,2555
5,2556
7,2557
5,2558
5,2559
0,2560
2,2561
3,2562
8,2563
0,2564
6,2565
7,2566
5,2567
3,2568
0,2569
0,2570
8,2571
8,2572
5,2573
3,2574
2,2575
0,2576
5,2577
3,2578
7,2579
3,2580
2,2581
5,2582
3,2583
3,2584
8,2585
5,2586
5,2587
0,2588
2,2589
5,2590
5,2591
6,2592
3,2593
3,2594
5,2595
8,2596
6,2597
7,2598
5,2599
7,2600
2,2601
5,2602
6,2603
2,2604
5,2605
8,2606
8,2607
5,2608
5,2609
2,2610
0,2611
2,2612
3,2613
0,2614
2,2615
8,2616
8,2617
3,2618
3,2619
5,2620
8,2621
7,2622
0,2623
3,2624
2,2625
7,2626
5,2627
8,2628
0,2629
3,2630
3,2631
2,2632
6,2633
2,2634
2,2635
5,2636
7,2637
5,2638
0,2639
2,2640
3,2641
6,2642
7,2643
7,2644
7,2645
0,2646
6,2647
6,2648
7,2649
2,2650
8,2651
5,2652
8,2653
2,2654
5,2655
7,2656
8,2657
5,2658
2,2659
2,2660
2,2661
6,2662
0,2663
3,2664
2,2665
5,2666
2,2667
8,2668
7,2669
3,2670
0,2671
2,2672
2,2673
6,2674
5,2675
3,2676
8,2677
2,2678
8,2679
3,2680
0,2681
5,2682
3,2683
0,2684
6,2685
3,2686
0,2687
3,2688
2,2689
0,2690
6,2691
6,2692
5,2693
3,2694
7,2695
2,2696
3,2697
3,2698
3,2699
7,2700
2,2701
7,2702
6,2703
0,2704
3,2705
7,2706
3,2707
5,2708
3,2709
2,2710
7,2711
3,2712
8,2713
7,2714
0,2715
5,2716
2,2717
3,2718
3,2719
3,2720
2,2721
2,2722
6,2723
5,2724
7,2725
5,2726
8,2727
3,2728
0,2729
3,2730
7,2731
6,2732
0,2733
8,2734
3,2735
5,2736
7,2737
5,2738
5,2739
2,2740
8,2741
8,2742
2,2743
8,2744
7,2745
5,2746
2,2747
3,2748
2,2749
7,2750
7,2751
3,2752
5,2753
5,2754
5,2755
3,2756
2,2757
5,2758
5,2759
7,2760
6,2761
5,2762
0,2763
3,2764
6,2765
2,2766
5,2767
8,2768
3,2769
3,2770
5,2771
8,2772
3,2773
8,2774
7,2775
3,2776
2,2777
3,2778
2,2779
8,2780
2,2781
8,2782
5,2783
3,2784
3,2785
7,2786
0,2787
3,2788
2,2789
5,2790
3,2791
7,2792
3,2793
8,2794
3,2795
5,2796
7,2797
5,2798
2,2799
2,2800
0,2801
7,2802
7,2803
3,2804
3,2805
6,2806
6,2807
0,2808
5,2809
5,2810
2,2811
3,2812
0,2813
7,2814
3,2815
5,2816
8,2817
2,2818
2,2819
0,2820
5,2821
7,2822
7,2823
3,2824
0,2825
8,2826
6,2827
0,2828
2,2829
5,2830
3,2831
0,2832
7,2833
5,2834
3,2835
7,2836
6,2837
7,2838
3,2839
6,2840
8,2841
8,2842
3,2843
5,2844
2,2845
6,2846
7,2847
7,2848
2,2849
2,2850
5,2851
5,2852
0,2853
2,2854
7,2855
7,2856
3,2857
0,2858
0,2859
7,2860
2,2861
7,2862
7,2863
3,2864
8,2865
8,2866
2,2867
8,2868
3,2869
0,2870
7,2871
0,2872
6,2873
3,2874
6,2875
0,2876
0,2877
3,2878
8,2879
2,2880
0,2881
7,2882
2,2883
2,2884
0,2885
8,2886
5,2887
2,2888
2,2889
7,2890
3,2891
5,2892
8,2893
8,2894
0,2895
5,2896
3,2897
2,2898
3,2899
3,2900
3,2901
3,2902
0,2903
3,2904
5,2905
3,2906
5,2907
2,2908
6,2909
2,2910
8,2911
2,2912
6,2913
5,2914
0,2915
2,2916
2,2917
2,2918
0,2919
7,2920
3,2921
2,2922
0,2923
8,2924
8,2925
5,2926
5,2927
0,2928
5,2929
2,2930
3,2931
7,2932
7,2933
0,2934
2,2935
2,2936
2,2937
8,2938
3,2939
6,2940
5,2941
0,2942
5,2943
6,2944
5,2945
3,2946
0,2947
2,2948
5,2949
0,2950
5,2951
5,2952
0,2953
5,2954
2,2955
0,2956
6,2957
2,2958
0,2959
0,2960
2,2961
3,2962
5,2963
6,2964
0,2965
8,2966
7,2967
7,2968
7,2969
2,2970
0,2971
5,2972
2,2973
0,2974
8,2975
3,2976
7,2977
0,2978
3,2979
7,2980
5,2981
5,2982
8,2983
6,2984
3,2985
5,2986
7,2987
5,2988
2,2989
5,2990
0,2991
6,2992
0,2993
2,2994
3,2995
5,2996
0,2997
2,2998
3,2999
0,3000
0,3001
3,3002
0,3003
2,3004
8,3005
8,3006
5,3007
0,3008
0,3009
7,3010
0,3011
3,3012
7,3013
6,3014
8,3015
8,3016
2,3017
5,3018
3,3019
3,3020
6,3021
5,3022
8,3023
5,3024
5,3025
5,3026
6,3027
5,3028
7,3029
3,3030
7,3031
5,3032
7,3033
5,3034
6,3035
0,3036
7,3037
8,3038
0,3039
6,3040
6,3041
5,3042
2,3043
3,3044
2,3045
7,3046
8,3047
5,3048
6,3049
6,3050
3,3051
2,3052
8,3053
3,3054
5,3055
2,3056
3,3057
7,3058
2,3059
5,3060
0,3061
0,3062
7,3063
5,3064
8,3065
5,3066
3,3067
2,3068
8,3069
2,3070
7,3071
6,3072
7,3073
3,3074
3,3075
8,3076
5,3077
5,3078
3,3079
2,3080
8,3081
7,3082
6,3083
5,3084
5,3085
2,3086
3,3087
3,3088
5,3089
5,3090
3,3091
5,3092
3,3093
0,3094
0,3095
0,3096
2,3097
3,3098
8,3099
2,3100
3,3101
3,3102
8,3103
2,3104
8,3105
6,3106
3,3107
2,3108
2,3109
2,3110
2,3111
3,3112
3,3113
5,3114
0,3115
8,3116
2,3117
2,3118
0,3119
2,3120
5,3121
3,3122
0,3123
8,3124
6,3125
0,3126
7,3127
5,3128
8,3129
6,3130
3,3131
2,3132
6,3133
7,3134
2,3135
3,3136
6,3137
3,3138
2,3139
7,3140
2,3141
3,3142
7,3143
6,3144
3,3145
2,3146
7,3147
6,3148
3,3149
2,3150
5,3151
2,3152
3,3153
3,3154
3,3155
8,3156
8,3157
8,3158
3,3159
5,3160
0,3161
3,3162
3,3163
6,3164
3,3165
0,3166
0,3167
2,3168
5,3169
3,3170
2,3171
7,3172
3,3173
5,3174
6,3175
0,3176
3,3177
5,3178
2,3179
7,3180
0,3181
3,3182
0,3183
7,3184
2,3185
5,3186
3,3187
6,3188
0,3189
7,3190
8,3191
8,3192
0,3193
3,3194
5,3195
7,3196
2,3197
0,3198
7,3199
7,3200
3,3201
5,3202
7,3203
7,3204
7,3205
0,3206
6,3207
6,3208
2,3209
3,3210
3,3211
0,3212
8,3213
5,3214
6,3215
2,3216
5,3217
6,3218
5,3219
6,3220
5,3221
5,3222
5,3223
5,3224
2,3225
2,3226
6,3227
3,3228
3,3229
5,3230
5,3231
3,3232
5,3233
2,3234
8,3235
3,3236
5,3237
8,3238
0,3239
2,3240
5,3241
5,3242
0,3243
2,3244
2,3245
3,3246
5,3247
3,3248
0,3249
5,3250
7,3251
2,3252
2,3253
3,3254
6,3255
2,3256
6,3257
8,3258
2,3259
7,3260
5,3261
0,3262
2,3263
5,3264
5,3265
3,3266
3,3267
2,3268
3,3269
0,3270
0,3271
0,3272
3,3273
0,3274
7,3275
7,3276
0,3277
3,3278
8,3279
7,3280
3,3281
8,3282
8,3283
6,3284
3,3285
7,3286
0,3287
5,3288
7,3289
5,3290
0,3291
5,3292
5,3293
8,3294
5,3295
2,3296
2,3297
2,3298
2,3299
7,3300
3,3301
8,3302
2,3303
3,3304
3,3305
3,3306
5,3307
0,3308
0,3309
5,3310
3,3311
2,3312
3,3313
7,3314
2,3315
3,3316
7,3317
2,3318
6,3319
3,3320
8,3321
3,3322
5,3323
8,3324
3,3325
3,3326
8,3327
3,3328
6,3329
3,3330
5,3331
5,3332
6,3333
3,3334
8,3335
6,3336
5,3337
3,3338
6,3339
5,3340
2,3341
8,3342
8,3343
5,3344
3,3345
7,3346
0,3347
2,3348
3,3349
0,3350
3,3351
7,3352
3,3353
5,3354
0,3355
0,3356
5,3357
0,3358
6,3359
8,3360
5,3361
3,3362
6,3363
6,3364
8,3365
8,3366
2,3367
0,3368
0,3369
3,3370
7,3371
2,3372
7,3373
5,3374
6,3375
0,3376
8,3377
6,3378
8,3379
8,3380
2,3381
8,3382
0,3383
6,3384
8,3385
6,3386
8,3387
6,3388
7,3389
3,3390
3,3391
3,3392
5,3393
0,3394
3,3395
3,3396
5,3397
5,3398
5,3399
8,3400
3,3401
8,3402
3,3403
5,3404
3,3405
7,3406
3,3407
2,3408
3,3409
2,3410
2,3411
5,3412
7,3413
7,3414
0,3415
3,3416
5,3417
2,3418
8,3419
0,3420
8,3421
7,3422
3,3423
7,3424
2,3425
2,3426
6,3427
5,3428
3,3429
3,3430
5,3431
5,3432
6,3433
7,3434
7,3435
5,3436
7,3437
5,3438
5,3439
7,3440
3,3441
2,3442
8,3443
0,3444
6,3445
3,3446
0,3447
5,3448
6,3449
8,3450
2,3451
5,3452
0,3453
8,3454
3,3455
2,3456
3,3457
5,3458
8,3459
0,3460
3,3461
2,3462
3,3463
6,3464
3,3465
6,3466
3,3467
6,3468
8,3469
3,3470
3,3471
3,3472
6,3473
6,3474
2,3475
8,3476
7,3477
3,3478
7,3479
6,3480
5,3481
8,3482
5,3483
3,3484
0,3485
8,3486
8,3487
2,3488
3,3489
6,3490
5,3491
6,3492
3,3493
7,3494
8,3495
2,3496
2,3497
7,3498
5,3499
2,3500
7,3501
5,3502
8,3503
2,3504
3,3505
5,3506
2,3507
8,3508
6,3509
5,3510
0,3511
6,3512
5,3513
3,3514
0,3515
2,3516
3,3517
3,3518
8,3519
0,3520
7,3521
5,3522
2,3523
6,3524
3,3525
2,3526
8,3527
0,3528
3,3529
3,3530
7,3531
0,3532
2,3533
0,3534
3,3535
8,3536
2,3537
3,3538
5,3539
2,3540
8,3541
7,3542
0,3543
3,3544
3,3545
8,3546
5,3547
8,3548
7,3549
8,3550
3,3551
6,3552
3,3553
6,3554
8,3555
8,3556
7,3557
0,3558
2,3559
3,3560
7,3561
0,3562
7,3563
3,3564
8,3565
5,3566
3,3567
2,3568
3,3569
5,3570
8,3571
7,3572
5,3573
3,3574
2,3575
8,3576
7,3577
8,3578
7,3579
0,3580
2,3581
7,3582
3,3583
3,3584
8,3585
8,3586
8,3587
8,3588
6,3589
0,3590
2,3591
6,3592
0,3593
3,3594
0,3595
0,3596
7,3597
5,3598
5,3599
3,3600
7,3601
2,3602
3,3603
7,3604
7,3605
0,3606
0,3607
0,3608
2,3609
7,3610
2,3611
3,3612
2,3613
5,3614
0,3615
3,3616
7,3617
3,3618
8,3619
7,3620
8,3621
3,3622
0,3623
3,3624
5,3625
6,3626
7,3627
5,3628
6,3629
0,3630
2,3631
2,3632
3,3633
2,3634
8,3635
0,3636
3,3637
5,3638
8,3639
8,3640
3,3641
5,3642
7,3643
3,3644
6,3645
8,3646
7,3647
5,3648
2,3649
5,3650
2,3651
6,3652
6,3653
3,3654
5,3655
0,3656
2,3657
7,3658
5,3659
8,3660
6,3661
3,3662
7,3663
3,3664
3,3665
6,3666
5,3667
7,3668
5,3669
2,3670
0,3671
0,3672
7,3673
5,3674
7,3675
7,3676
8,3677
0,3678
7,3679
7,3680
6,3681
3,3682
2,3683
0,3684
0,3685
3,3686
2,3687
5,3688
3,3689
7,3690
3,3691
6,3692
2,3693
5,3694
8,3695
2,3696
3,3697
5,3698
7,3699
6,3700
3,3701
0,3702
2,3703
8,3704
3,3705
7,3706
0,3707
5,3708
3,3709
7,3710
6,3711
7,3712
3,3713
5,3714
2,3715
8,3716
7,3717
8,3718
6,3719
3,3720
8,3721
3,3722
5,3723
8,3724
0,3725
3,3726
3,3727
7,3728
7,3729
8,3730
3,3731
3,3732
8,3733
2,3734
5,3735
3,3736
5,3737
7,3738
5,3739
3,3740
3,3741
6,3742
6,3743
8,3744
6,3745
7,3746
7,3747
0,3748
7,3749
8,3750
3,3751
6,3752
2,3753
3,3754
5,3755
5,3756
3,3757
2,3758
2,3759
3,3760
8,3761
2,3762
6,3763
7,3764
5,3765
5,3766
7,3767
2,3768
2,3769
3,3770
0,3771
5,3772
2,3773
3,3774
6,3775
7,3776
0,3777
5,3778
8,3779
6,3780
3,3781
5,3782
5,3783
3,3784
7,3785
5,3786
3,3787
8,3788
5,3789
6,3790
7,3791
2,3792
8,3793
3,3794
2,3795
8,3796
7,3797
3,3798
3,3799
6,3800
2,3801
5,3802
8,3803
0,3804
0,3805
6,3806
8,3807
3,3808
5,3809
6,3810
2,3811
7,3812
7,3813
7,3814
0,3815
5,3816
3,3817
5,3818
0,3819
6,3820
7,3821
0,3822
8,3823
2,3824
5,3825
3,3826
0,3827
3,3828
3,3829
5,3830
6,3831
3,3832
3,3833
5,3834
2,3835
2,3836
2,3837
3,3838
8,3839
7,3840
2,3841
8,3842
3,3843
8,3844
2,3845
2,3846
2,3847
5,3848
8,3849
6,3850
3,3851
0,3852
8,3853
3,3854
7,3855
7,3856
5,3857
0,3858
7,3859
0,3860
0,3861
2,3862
6,3863
2,3864
0,3865
3,3866
2,3867
0,3868
8,3869
3,3870
0,3871
0,3872
8,3873
5,3874
3,3875
2,3876
7,3877
7,3878
0,3879
7,3880
2,3881
8,3882
0,3883
3,3884
2,3885
7,3886
3,3887
2,3888
2,3889
0,3890
8,3891
3,3892
0,3893
3,3894
8,3895
0,3896
8,3897
0,3898
0,3899
2,3900
6,3901
2,3902
0,3903
0,3904
3,3905
7,3906
0,3907
6,3908
3,3909
8,3910
6,3911
2,3912
8,3913
0,3914
7,3915
0,3916
7,3917
3,3918
0,3919
0,3920
7,3921
6,3922
2,3923
3,3924
3,3925
7,3926
2,3927
3,3928
3,3929
6,3930
3,3931
3,3932
2,3933
0,3934
0,3935
3,3936
5,3937
3,3938
3,3939
0,3940
8,3941
5,3942
2,3943
2,3944
0,3945
8,3946
6,3947
3,3948
5,3949
3,3950
5,3951
8,3952
0,3953
7,3954
8,3955
5,3956
0,3957
3,3958
3,3959
8,3960
3,3961
2,3962
2,3963
8,3964
8,3965
5,3966
0,3967
7,3968
0,3969
3,3970
3,3971
2,3972
2,3973
5,3974
2,3975
8,3976
8,3977
2,3978
0,3979
2,3980
3,3981
0,3982
3,3983
5,3984
3,3985
0,3986
0,3987
3,3988
5,3989
6,3990
2,3991
2,3992
3,3993
2,3994
2,3995
7,3996
7,3997
3,3998
6,3999
0,4000
7,4001
3,4002
3,4003
7,4004
3,4005
8,4006
7,4007
7,4008
5,4009
8,4010
3,4011
5,4012
3,4013
8,4014
2,4015
3,4016
8,4017
7,4018
5,4019
6,4020
3,4021
2,4022
0,4023
2,4024
3,4025
2,4026
0,4027
0,4028
2,4029
7,4030
5,4031
2,4032
7,4033
0,4034
2,4035
2,4036
6,4037
8,4038
2,4039
0,4040
6,4041
2,4042
8,4043
7,4044
3,4045
5,4046
7,4047
7,4048
7,4049
3,4050
7,4051
0,4052
5,4053
2,4054
7,4055
7,4056
7,4057
0,4058
5,4059
8,4060
6,4061
3,4062
7,4063
2,4064
3,4065
3,4066
6,4067
5,4068
3,4069
8,4070
2,4071
0,4072
6,4073
3,4074
5,4075
2,4076
6,4077
7,4078
7,4079
0,4080
3,4081
3,4082
6,4083
7,4084
3,4085
7,4086
3,4087
7,4088
8,4089
0,4090
7,4091
6,4092
5,4093
3,4094
8,4095
3,4096
5,4097
7,4098
6,4099
2,4100
0,4101
5,4102
3,4103
3,4104
2,4105
5,4106
7,4107
0,4108
8,4109
6,4110
0,4111
8,4112
3,4113
5,4114
2,4115
3,4116
7,4117
0,4118
7,4119
5,4120
3,4121
5,4122
7,4123
5,4124
5,4125
8,4126
8,4127
0,4128
5,4129
5,4130
7,4131
5,4132
5,4133
7,4134
2,4135
7,4136
5,4137
5,4138
3,4139
3,4140
6,4141
2,4142
0,4143
3,4144
7,4145
7,4146
8,4147
6,4148
5,4149
0,4150
8,4151
3,4152
0,4153
5,4154
7,4155
8,4156
0,4157
5,4158
7,4159
7,4160
2,4161
5,4162
7,4163
3,4164
2,4165
3,4166
0,4167
3,4168
3,4169
7,4170
8,4171
7,4172
7,4173
6,4174
3,4175
7,4176
7,4177
8,4178
7,4179
8,4180
3,4181
2,4182
5,4183
8,4184
5,4185
5,4186
5,4187
0,4188
3,4189
3,4190
6,4191
0,4192
5,4193
0,4194
8,4195
5,4196
3,4197
3,4198
5,4199
3,4200
2,4201
6,4202
2,4203
3,4204
7,4205
2,4206
2,4207
0,4208
0,4209
8,4210
3,4211
2,4212
7,4213
0,4214
2,4215
2,4216
8,4217
5,4218
5,4219
0,4220
2,4221
0,4222
3,4223
0,4224
5,4225
3,4226
8,4227
2,4228
3,4229
3,4230
0,4231
8,4232
2,4233
3,4234
7,4235
3,4236
3,4237
0,4238
0,4239
3,4240
7,4241
5,4242
3,4243
6,4244
7,4245
2,4246
0,4247
3,4248
5,4249
2,4250
0,4251
6,4252
8,4253
0,4254
3,4255
7,4256
0,4257
2,4258
3,4259
6,4260
3,4261
3,4262
3,4263
6,4264
0,4265
3,4266
8,4267
2,4268
6,4269
3,4270
5,4271
5,4272
3,4273
7,4274
5,4275
2,4276
7,4277
7,4278
7,4279
5,4280
2,4281
3,4282
5,4283
7,4284
3,4285
6,4286
5,4287
3,4288
8,4289
6,4290
6,4291
3,4292
5,4293
5,4294
7,4295
3,4296
2,4297
5,4298
5,4299
3,4300
8,4301
8,4302
6,4303
2,4304
3,4305
6,4306
2,4307
2,4308
0,4309
3,4310
3,4311
7,4312
2,4313
7,4314
3,4315
6,4316
2,4317
7,4318
5,4319
0,4320
7,4321
7,4322
6,4323
3,4324
3,4325
2,4326
3,4327
0,4328
7,4329
8,4330
2,4331
7,4332
6,4333
6,4334
0,4335
6,4336
0,4337
3,4338
6,4339
6,4340
3,4341
7,4342
8,4343
5,4344
2,4345
8,4346
7,4347
6,4348
3,4349
8,4350
6,4351
5,4352
3,4353
3,4354
5,4355
0,4356
3,4357
3,4358
3,4359
3,4360
7,4361
7,4362
0,4363
0,4364
3,4365
3,4366
3,4367
8,4368
3,4369
7,4370
7,4371
6,4372
5,4373
6,4374
2,4375
3,4376
7,4377
8,4378
7,4379
2,4380
2,4381
0,4382
0,4383
6,4384
6,4385
7,4386
5,4387
2,4388
5,4389
7,4390
0,4391
2,4392
6,4393
2,4394
8,4395
2,4396
7,4397
2,4398
0,4399
3,4400
3,4401
6,4402
0,4403
0,4404
3,4405
0,4406
3,4407
3,4408
3,4409
5,4410
3,4411
7,4412
6,4413
2,4414
2,4415
3,4416
2,4417
8,4418
3,4419
2,4420
3,4421
8,4422
3,4423
3,4424
7,4425
7,4426
2,4427
7,4428
2,4429
5,4430
3,4431
8,4432
7,4433
3,4434
3,4435
6,4436
2,4437
8,4438
7,4439
7,4440
0,4441
8,4442
0,4443
3,4444
2,4445
8,4446
2,4447
3,4448
2,4449
5,4450
8,4451
0,4452
5,4453
3,4454
0,4455
5,4456
0,4457
5,4458
3,4459
7,4460
3,4461
5,4462
5,4463
8,4464
6,4465
0,4466
0,4467
5,4468
8,4469
8,4470
3,4471
3,4472
7,4473
0,4474
8,4475
3,4476
7,4477
3,4478
7,4479
7,4480
5,4481
0,4482
0,4483
3,4484
6,4485
5,4486
7,4487
5,4488
3,4489
2,4490
6,4491
7,4492
6,4493
5,4494
8,4495
8,4496
5,4497
2,4498
3,4499
3,4500
2,4501
0,4502
6,4503
8,4504
3,4505
8,4506
2,4507
7,4508
2,4509
2,4510
5,4511
7,4512
5,4513
2,4514
6,4515
3,4516
3,4517
2,4518
2,4519
6,4520
5,4521
0,4522
0,4523
7,4524
6,4525
8,4526
7,4527
0,4528
7,4529
8,4530
2,4531
2,4532
0,4533
6,4534
8,4535
0,4536
3,4537
8,4538
5,4539
8,4540
0,4541
2,4542
3,4543
7,4544
0,4545
3,4546
7,4547
8,4548
5,4549
2,4550
5,4551
0,4552
3,4553
7,4554
0,4555
2,4556
2,4557
0,4558
2,4559
7,4560
3,4561
7,4562
0,4563
8,4564
3,4565
3,4566
5,4567
7,4568
2,4569
5,4570
2,4571
0,4572
0,4573
5,4574
2,4575
3,4576
7,4577
3,4578
3,4579
7,4580
0,4581
3,4582
3,4583
2,4584
3,4585
3,4586
3,4587
5,4588
5,4589
5,4590
0,4591
5,4592
8,4593
7,4594
5,4595
3,4596
7,4597
2,4598
3,4599
5,4600
8,4601
3,4602
5,4603
5,4604
5,4605
6,4606
3,4607
0,4608
2,4609
7,4610
5,4611
0,4612
3,4613
3,4614
5,4615
2,4616
6,4617
3,4618
7,4619
3,4620
3,4621
7,4622
2,4623
7,4624
0,4625
5,4626
5,4627
3,4628
0,4629
0,4630
6,4631
8,4632
6,4633
6,4634
5,4635
8,4636
0,4637
0,4638
7,4639
7,4640
2,4641
3,4642
0,4643
2,4644
0,4645
5,4646
0,4647
7,4648
2,4649
8,4650
3,4651
3,4652
5,4653
8,4654
3,4655
3,4656
8,4657
2,4658
5,4659
3,4660
5,4661
7,4662
7,4663
6,4664
3,4665
2,4666
2,4667
8,4668
0,4669
0,4670
7,4671
2,4672
6,4673
5,4674
8,4675
5,4676
7,4677
8,4678
2,4679
0,4680
2,4681
7,4682
0,4683
5,4684
3,4685
0,4686
0,4687
5,4688
0,4689
3,4690
3,4691
3,4692
2,4693
7,4694
5,4695
3,4696
3,4697
3,4698
7,4699
6,4700
7,4701
8,4702
8,4703
0,4704
6,4705
7,4706
8,4707
8,4708
6,4709
8,4710
8,4711
5,4712
6,4713
0,4714
7,4715
7,4716
2,4717
5,4718
8,4719
2,4720
2,4721
7,4722
3,4723
3,4724
3,4725
3,4726
0,4727
0,4728
0,4729
8,4730
6,4731
0,4732
3,4733
8,4734
3,4735
2,4736
7,4737
0,4738
3,4739
8,4740
8,4741
0,4742
3,4743
3,4744
8,4745
6,4746
5,4747
0,4748
5,4749
3,4750
7,4751
6,4752
2,4753
3,4754
0,4755
2,4756
2,4757
2,4758
3,4759
5,4760
3,4761
7,4762
7,4763
8,4764
2,4765
0,4766
6,4767
7,4768
0,4769
5,4770
8,4771
7,4772
2,4773
0,4774
5,4775
3,4776
5,4777
7,4778
6,4779
7,4780
5,4781
7,4782
0,4783
5,4784
0,4785
7,4786
6,4787
3,4788
6,4789
2,4790
0,4791
3,4792
2,4793
2,4794
2,4795
0,4796
7,4797
2,4798
2,4799
5,4800
3,4801
3,4802
0,4803
2,4804
7,4805
7,4806
5,4807
8,4808
0,4809
3,4810
2,4811
8,4812
5,4813
8,4814
8,4815
2,4816
8,4817
2,4818
3,4819
5,4820
3,4821
7,4822
3,4823
8,4824
3,4825
3,4826
6,4827
2,4828
2,4829
2,4830
5,4831
3,4832
6,4833
2,4834
3,4835
7,4836
3,4837
0,4838
5,4839
8,4840
3,4841
7,4842
2,4843
0,4844
0,4845
2,4846
0,4847
2,4848
5,4849
3,4850
5,4851
0,4852
3,4853
7,4854
8,4855
7,4856
5,4857
2,4858
0,4859
3,4860
3,4861
2,4862
7,4863
2,4864
6,4865
3,4866
3,4867
8,4868
3,4869
2,4870
7,4871
5,4872
3,4873
2,4874
2,4875
2,4876
5,4877
8,4878
2,4879
8,4880
2,4881
8,4882
7,4883
6,4884
6,4885
2,4886
2,4887
5,4888
3,4889
5,4890
6,4891
2,4892
0,4893
2,4894
2,4895
5,4896
0,4897
7,4898
2,4899
2,4900
6,4901
2,4902
7,4903
2,4904
5,4905
7,4906
0,4907
5,4908
8,4909
6,4910
0,4911
3,4912
7,4913
6,4914
5,4915
3,4916
5,4917
0,4918
6,4919
7,4920
3,4921
3,4922
7,4923
0,4924
5,4925
2,4926
2,4927
7,4928
7,4929
3,4930
0,4931
5,4932
2,4933
6,4934
2,4935
0,4936
7,4937
3,4938
6,4939
8,4940
0,4941
5,4942
5,4943
3,4944
2,4945
3,4946
3,4947
2,4948
2,4949
5,4950
2,4951
6,4952
5,4953
7,4954
3,4955
5,4956
0,4957
2,4958
2,4959
3,4960
0,4961
6,4962
0,4963
0,4964
8,4965
2,4966
6,4967
8,4968
0,4969
3,4970
2,4971
3,4972
8,4973
0,4974
2,4975
6,4976
5,4977
6,4978
6,4979
0,4980
7,4981
0,4982
6,4983
8,4984
5,4985
8,4986
2,4987
2,4988
0,4989
6,4990
2,4991
7,4992
7,4993
3,4994
2,4995
5,4996
2,4997
0,4998
5,4999
3,5000
2,5001
6,5002
3,5003
7,5004
2,5005
7,5006
0,5007
5,5008
3,5009
0,5010
8,5011
3,5012
0,5013
0,5014
7,5015
6,5016
7,5017
2,5018
5,5019
7,5020
8,5021
0,5022
7,5023
6,5024
5,5025
8,5026
2,5027
3,5028
6,5029
3,5030
5,5031
8,5032
7,5033
0,5034
2,5035
7,5036
5,5037
6,5038
2,5039
7,5040
8,5041
0,5042
5,5043
0,5044
0,5045
8,5046
0,5047
6,5048
6,5049
2,5050
3,5051
7,5052
5,5053
7,5054
0,5055
7,5056
5,5057
6,5058
3,5059
3,5060
5,5061
7,5062
3,5063
7,5064
2,5065
0,5066
6,5067
5,5068
5,5069
0,5070
2,5071
3,5072
8,5073
7,5074
5,5075
8,5076
6,5077
5,5078
2,5079
2,5080
5,5081
2,5082
3,5083
8,5084
0,5085
0,5086
2,5087
3,5088
7,5089
0,5090
2,5091
7,5092
8,5093
2,5094
3,5095
6,5096
2,5097
7,5098
3,5099
5,5100
7,5101
7,5102
6,5103
3,5104
0,5105
2,5106
6,5107
5,5108
2,5109
0,5110
3,5111
7,5112
6,5113
8,5114
2,5115
2,5116
0,5117
8,5118
2,5119
2,5120
8,5121
3,5122
2,5123
5,5124
7,5125
6,5126
2,5127
0,5128
0,5129
3,5130
3,5131
3,5132
3,5133
7,5134
3,5135
7,5136
7,5137
5,5138
6,5139
3,5140
7,5141
2,5142
3,5143
5,5144
0,5145
3,5146
2,5147
3,5148
0,5149
6,5150
5,5151
2,5152
7,5153
3,5154
6,5155
0,5156
8,5157
6,5158
6,5159
2,5160
2,5161
2,5162
8,5163
7,5164
8,5165
7,5166
3,5167
2,5168
6,5169
8,5170
7,5171
6,5172
5,5173
0,5174
2,5175
3,5176
3,5177
7,5178
6,5179
0,5180
3,5181
2,5182
3,5183
3,5184
2,5185
3,5186
2,5187
5,5188
3,5189
5,5190
8,5191
5,5192
6,5193
8,5194
5,5195
7,5196
0,5197
7,5198
3,5199
7,5200
8,5201
3,5202
6,5203
5,5204
3,5205
5,5206
3,5207
6,5208
0,5209
8,5210
0,5211
8,5212
2,5213
8,5214
5,5215
7,5216
6,5217
5,5218
8,5219
2,5220
6,5221
2,5222
6,5223
8,5224
2,5225
6,5226
7,5227
8,5228
3,5229
5,5230
3,5231
0,5232
3,5233
2,5234
3,5235
2,5236
3,5237
7,5238
3,5239
3,5240
7,5241
7,5242
5,5243
7,5244
3,5245
8,5246
3,5247
0,5248
5,5249
0,5250
5,5251
8,5252
0,5253
2,5254
0,5255
8,5256
3,5257
6,5258
7,5259
2,5260
0,5261
2,5262
0,5263
8,5264
6,5265
6,5266
7,5267
2,5268
3,5269
8,5270
7,5271
5,5272
3,5273
0,5274
5,5275
5,5276
2,5277
8,5278
7,5279
5,5280
3,5281
7,5282
3,5283
3,5284
3,5285
2,5286
0,5287
3,5288
5,5289
8,5290
3,5291
8,5292
5,5293
5,5294
7,5295
3,5296
7,5297
0,5298
7,5299
5,5300
3,5301
2,5302
7,5303
7,5304
7,5305
2,5306
5,5307
8,5308
0,5309
5,5310
2,5311
8,5312
8,5313
8,5314
3,5315
2,5316
8,5317
2,5318
3,5319
5,5320
5,5321
2,5322
5,5323
3,5324
3,5325
2,5326
7,5327
3,5328
0,5329
8,5330
3,5331
3,5332
2,5333
8,5334
5,5335
5,5336
0,5337
0,5338
3,5339
8,5340
0,5341
6,5342
7,5343
2,5344
2,5345
0,5346
3,5347
2,5348
0,5349
3,5350
6,5351
3,5352
3,5353
8,5354
2,5355
3,5356
3,5357
6,5358
3,5359
7,5360
7,5361
3,5362
7,5363
3,5364
6,5365
2,5366
8,5367
8,5368
0,5369
7,5370
7,5371
0,5372
5,5373
3,5374
5,5375
5,5376
0,5377
0,5378
7,5379
8,5380
5,5381
7,5382
0,5383
0,5384
6,5385
2,5386
5,5387
3,5388
8,5389
2,5390
2,5391
7,5392
8,5393
3,5394
5,5395
6,5396
2,5397
5,5398
5,5399
7,5400
3,5401
5,5402
7,5403
7,5404
2,5405
3,5406
5,5407
5,5408
6,5409
3,5410
7,5411
5,5412
2,5413
8,5414
5,5415
2,5416
3,5417
2,5418
6,5419
8,5420
6,5421
3,5422
8,5423
3,5424
7,5425
2,5426
6,5427
2,5428
2,5429
8,5430
8,5431
5,5432
7,5433
3,5434
7,5435
8,5436
5,5437
6,5438
3,5439
7,5440
5,5441
0,5442
3,5443
7,5444
7,5445
3,5446
7,5447
5,5448
6,5449
8,5450
3,5451
2,5452
8,5453
5,5454
5,5455
3,5456
3,5457
8,5458
0,5459
7,5460
3,5461
7,5462
5,5463
7,5464
5,5465
3,5466
3,5467
3,5468
0,5469
5,5470
5,5471
5,5472
5,5473
2,5474
8,5475
5,5476
8,5477
3,5478
5,5479
6,5480
0,5481
7,5482
5,5483
8,5484
7,5485
3,5486
3,5487
8,5488
8,5489
2,5490
6,5491
5,5492
7,5493
3,5494
7,5495
7,5496
3,5497
2,5498
6,5499
6,5500
3,5501
2,5502
3,5503
3,5504
3,5505
6,5506
8,5507
6,5508
3,5509
7,5510
6,5511
2,5512
6,5513
0,5514
2,5515
3,5516
5,5517
7,5518
3,5519
5,5520
3,5521
7,5522
8,5523
3,5524
7,5525
5,5526
6,5527
2,5528
7,5529
5,5530
5,5531
2,5532
3,5533
6,5534
6,5535
2,5536
2,5537
6,5538
0,5539
7,5540
8,5541
7,5542
2,5543
3,5544
8,5545
7,5546
8,5547
0,5548
3,5549
3,5550
8,5551
2,5552
6,5553
6,5554
7,5555
5,5556
0,5557
6,5558
2,5559
0,5560
2,5561
5,5562
3,5563
5,5564
6,5565
7,5566
7,5567
3,5568
0,5569
5,5570
3,5571
2,5572
0,5573
7,5574
0,5575
5,5576
8,5577
7,5578
7,5579
7,5580
3,5581
6,5582
8,5583
3,5584
5,5585
8,5586
2,5587
5,5588
8,5589
2,5590
2,5591
8,5592
7,5593
8,5594
7,5595
0,5596
3,5597
5,5598
0,5599
2,5600
3,5601
7,5602
2,5603
2,5604
8,5605
7,5606
3,5607
3,5608
0,5609
8,5610
7,5611
8,5612
3,5613
7,5614
3,5615
7,5616
7,5617
3,5618
6,5619
5,5620
2,5621
5,5622
8,5623
3,5624
2,5625
0,5626
7,5627
0,5628
3,5629
3,5630
5,5631
2,5632
8,5633
5,5634
2,5635
3,5636
7,5637
6,5638
7,5639
3,5640
3,5641
0,5642
2,5643
6,5644
5,5645
5,5646
3,5647
3,5648
5,5649
5,5650
5,5651
7,5652
2,5653
8,5654
3,5655
8,5656
7,5657
8,5658
5,5659
3,5660
0,5661
3,5662
0,5663
2,5664
5,5665
2,5666
7,5667
5,5668
6,5669
3,5670
3,5671
3,5672
6,5673
6,5674
3,5675
6,5676
3,5677
5,5678
2,5679
2,5680
2,5681
7,5682
3,5683
3,5684
2,5685
2,5686
5,5687
8,5688
2,5689
3,5690
8,5691
0,5692
2,5693
3,5694
7,5695
3,5696
2,5697
7,5698
3,5699
0,5700
0,5701
3,5702
3,5703
5,5704
3,5705
5,5706
6,5707
6,5708
7,5709
7,5710
5,5711
0,5712
7,5713
6,5714
2,5715
7,5716
2,5717
3,5718
6,5719
3,5720
5,5721
7,5722
8,5723
7,5724
3,5725
2,5726
5,5727
5,5728
5,5729
8,5730
8,5731
3,5732
6,5733
2,5734
2,5735
2,5736
7,5737
2,5738
2,5739
3,5740
2,5741
5,5742
6,5743
2,5744
3,5745
0,5746
5,5747
7,5748
0,5749
0,5750
6,5751
0,5752
2,5753
8,5754
8,5755
7,5756
7,5757
7,5758
7,5759
7,5760
5,5761
0,5762
3,5763
7,5764
8,5765
0,5766
8,5767
8,5768
0,5769
3,5770
2,5771
7,5772
3,5773
0,5774
5,5775
6,5776
2,5777
3,5778
7,5779
5,5780
5,5781
7,5782
7,5783
2,5784
0,5785
2,5786
3,5787
6,5788
6,5789
2,5790
3,5791
6,5792
7,5793
2,5794
3,5795
7,5796
3,5797
3,5798
6,5799
6,5800
7,5801
5,5802
0,5803
3,5804
6,5805
5,5806
2,5807
8,5808
5,5809
5,5810
0,5811
2,5812
5,5813
6,5814
8,5815
6,5816
3,5817
2,5818
7,5819
6,5820
5,5821
2,5822
2,5823
5,5824
5,5825
0,5826
5,5827
5,5828
5,5829
6,5830
8,5831
3,5832
7,5833
3,5834
0,5835
2,5836
5,5837
3,5838
0,5839
0,5840
0,5841
0,5842
6,5843
5,5844
7,5845
6,5846
3,5847
7,5848
2,5849
6,5850
2,5851
6,5852
3,5853
7,5854
8,5855
7,5856
8,5857
7,5858
6,5859
2,5860
2,5861
3,5862
0,5863
2,5864
8,5865
3,5866
3,5867
3,5868
0,5869
5,5870
3,5871
7,5872
7,5873
3,5874
7,5875
2,5876
3,5877
6,5878
8,5879
8,5880
3,5881
0,5882
3,5883
3,5884
3,5885
2,5886
0,5887
7,5888
5,5889
6,5890
7,5891
5,5892
6,5893
7,5894
3,5895
3,5896
5,5897
3,5898
3,5899
3,5900
3,5901
6,5902
5,5903
5,5904
8,5905
8,5906
3,5907
6,5908
3,5909
6,5910
3,5911
0,5912
2,5913
7,5914
3,5915
5,5916
0,5917
7,5918
5,5919
3,5920
0,5921
7,5922
7,5923
3,5924
2,5925
0,5926
3,5927
0,5928
0,5929
0,5930
3,5931
3,5932
5,5933
3,5934
2,5935
8,5936
5,5937
3,5938
7,5939
7,5940
8,5941
6,5942
0,5943
0,5944
6,5945
2,5946
0,5947
3,5948
3,5949
0,5950
6,5951
7,5952
3,5953
3,5954
0,5955
5,5956
2,5957
2,5958
6,5959
6,5960
2,5961
3,5962
3,5963
3,5964
6,5965
5,5966
3,5967
7,5968
2,5969
3,5970
7,5971
3,5972
2,5973
7,5974
2,5975
2,5976
3,5977
7,5978
8,5979
6,5980
5,5981
5,5982
3,5983
2,5984
7,5985
3,5986
5,5987
5,5988
6,5989
0,5990
7,5991
2,5992
8,5993
5,5994
5,5995
0,5996
3,5997
7,5998
3,5999
5,6000
8,6001
2,6002
8,6003
2,6004
5,6005
0,6006
3,6007
6,6008
2,6009
0,6010
3,6011
3,6012
7,6013
7,6014
3,6015
2,6016
2,6017
7,6018
3,6019
3,6020
7,6021
8,6022
5,6023
2,6024
7,6025
3,6026
2,6027
8,6028
3,6029
8,6030
7,6031
5,6032
2,6033
6,6034
5,6035
2,6036
0,6037
0,6038
7,6039
5,6040
3,6041
3,6042
3,6043
3,6044
3,6045
3,6046
8,6047
8,6048
7,6049
6,6050
2,6051
5,6052
5,6053
0,6054
8,6055
7,6056
8,6057
6,6058
3,6059
2,6060
3,6061
0,6062
3,6063
8,6064
3,6065
5,6066
3,6067
7,6068
0,6069
8,6070
0,6071
7,6072
5,6073
3,6074
2,6075
8,6076
8,6077
0,6078
3,6079
7,6080
7,6081
2,6082
5,6083
5,6084
0,6085
6,6086
3,6087
3,6088
3,6089
5,6090
7,6091
3,6092
8,6093
0,6094
6,6095
7,6096
2,6097
3,6098
3,6099
6,6100
0,6101
7,6102
2,6103
0,6104
6,6105
3,6106
2,6107
7,6108
5,6109
6,6110
2,6111
5,6112
7,6113
2,6114
3,6115
3,6116
2,6117
7,6118
7,6119
2,6120
8,6121
3,6122
7,6123
7,6124
6,6125
8,6126
3,6127
3,6128
2,6129
3,6130
3,6131
0,6132
2,6133
2,6134
2,6135
7,6136
5,6137
8,6138
2,6139
0,6140
3,6141
0,6142
5,6143
0,6144
7,6145
7,6146
0,6147
5,6148
0,6149
8,6150
2,6151
5,6152
0,6153
3,6154
3,6155
7,6156
7,6157
3,6158
0,6159
8,6160
2,6161
5,6162
0,6163
5,6164
0,6165
0,6166
8,6167
7,6168
2,6169
3,6170
5,6171
0,6172
5,6173
3,6174
6,6175
3,6176
5,6177
5,6178
2,6179
2,6180
5,6181
2,6182
6,6183
7,6184
6,6185
7,6186
3,6187
3,6188
2,6189
6,6190
7,6191
0,6192
6,6193
2,6194
3,6195
8,6196
2,6197
7,6198
7,6199
7,6200
5,6201
3,6202
2,6203
2,6204
7,6205
8,6206
3,6207
2,6208
3,6209
3,6210
2,6211
2,6212
7,6213
0,6214
3,6215
5,6216
5,6217
7,6218
3,6219
7,6220
6,6221
6,6222
3,6223
5,6224
2,6225
3,6226
5,6227
5,6228
2,6229
5,6230
8,6231
6,6232
3,6233
5,6234
5,6235
3,6236
8,6237
2,6238
5,6239
3,6240
8,6241
2,6242
6,6243
5,6244
3,6245
3,6246
7,6247
2,6248
0,6249
8,6250
5,6251
2,6252
8,6253
7,6254
2,6255
6,6256
8,6257
6,6258
0,6259
2,6260
5,6261
2,6262
5,6263
3,6264
0,6265
8,6266
7,6267
2,6268
7,6269
7,6270
0,6271
0,6272
5,6273
8,6274
3,6275
7,6276
0,6277
5,6278
0,6279
8,6280
3,6281
2,6282
2,6283
5,6284
5,6285
3,6286
2,6287
3,6288
5,6289
3,6290
2,6291
7,6292
0,6293
6,6294
2,6295
2,6296
3,6297
5,6298
2,6299
0,6300
7,6301
2,6302
3,6303
5,6304
5,6305
0,6306
5,6307
8,6308
7,6309
8,6310
3,6311
3,6312
5,6313
5,6314
2,6315
3,6316
2,6317
8,6318
3,6319
6,6320
3,6321
8,6322
0,6323
2,6324
2,6325
7,6326
8,6327
8,6328
7,6329
5,6330
3,6331
8,6332
3,6333
0,6334
6,6335
7,6336
7,6337
8,6338
3,6339
3,6340
6,6341
3,6342
6,6343
5,6344
3,6345
7,6346
3,6347
5,6348
2,6349
3,6350
3,6351
2,6352
0,6353
5,6354
3,6355
3,6356
0,6357
2,6358
8,6359
5,6360
3,6361
0,6362
6,6363
7,6364
8,6365
8,6366
6,6367
3,6368
7,6369
0,6370
5,6371
3,6372
0,6373
7,6374
2,6375
2,6376
5,6377
7,6378
3,6379
5,6380
6,6381
5,6382
7,6383
2,6384
5,6385
0,6386
3,6387
3,6388
6,6389
2,6390
5,6391
6,6392
8,6393
3,6394
0,6395
3,6396
3,6397
2,6398
8,6399
0,6400
3,6401
7,6402
8,6403
0,6404
8,6405
8,6406
5,6407
5,6408
3,6409
3,6410
5,6411
5,6412
7,6413
2,6414
5,6415
7,6416
7,6417
2,6418
3,6419
3,6420
3,6421
5,6422
2,6423
8,6424
6,6425
2,6426
7,6427
6,6428
2,6429
0,6430
3,6431
5,6432
8,6433
6,6434
3,6435
3,6436
0,6437
7,6438
0,6439
3,6440
3,6441
2,6442
3,6443
3,6444
7,6445
3,6446
8,6447
8,6448
6,6449
6,6450
3,6451
2,6452
6,6453
2,6454
3,6455
5,6456
3,6457
7,6458
5,6459
3,6460
6,6461
5,6462
0,6463
5,6464
3,6465
5,6466
2,6467
3,6468
7,6469
8,6470
0,6471
3,6472
0,6473
2,6474
5,6475
2,6476
2,6477
8,6478
6,6479
6,6480
0,6481
3,6482
3,6483
5,6484
5,6485
5,6486
3,6487
3,6488
8,6489
3,6490
2,6491
2,6492
8,6493
5,6494
3,6495
0,6496
0,6497
0,6498
3,6499
2,6500
3,6501
3,6502
2,6503
0,6504
2,6505
7,6506
6,6507
0,6508
3,6509
5,6510
3,6511
2,6512
7,6513
6,6514
2,6515
7,6516
8,6517
7,6518
2,6519
8,6520
8,6521
5,6522
3,6523
6,6524
3,6525
0,6526
8,6527
7,6528
2,6529
8,6530
0,6531
8,6532
2,6533
5,6534
5,6535
6,6536
2,6537
7,6538
2,6539
7,6540
8,6541
5,6542
2,6543
7,6544
2,6545
5,6546
6,6547
3,6548
3,6549
7,6550
2,6551
5,6552
7,6553
3,6554
7,6555
8,6556
8,6557
3,6558
6,6559
0,6560
2,6561
5,6562
3,6563
3,6564
8,6565
3,6566
3,6567
3,6568
3,6569
0,6570
3,6571
3,6572
2,6573
3,6574
3,6575
2,6576
6,6577
0,6578
2,6579
5,6580
8,6581
5,6582
2,6583
7,6584
2,6585
3,6586
5,6587
7,6588
0,6589
5,6590
2,6591
7,6592
2,6593
7,6594
0,6595
3,6596
0,6597
0,6598
7,6599
0,6600
6,6601
8,6602
3,6603
0,6604
8,6605
3,6606
3,6607
2,6608
0,6609
2,6610
8,6611
3,6612
6,6613
6,6614
2,6615
2,6616
0,6617
2,6618
7,6619
8,6620
8,6621
3,6622
2,6623
8,6624
7,6625
0,6626
0,6627
2,6628
0,6629
7,6630
3,6631
5,6632
8,6633
2,6634
3,6635
2,6636
3,6637
6,6638
2,6639
7,6640
2,6641
3,6642
7,6643
3,6644
2,6645
6,6646
5,6647
3,6648
0,6649
2,6650
6,6651
6,6652
5,6653
2,6654
0,6655
2,6656
3,6657
2,6658
3,6659
6,6660
2,6661
0,6662
0,6663
7,6664
0,6665
7,6666
8,6667
0,6668
2,6669
7,6670
5,6671
0,6672
6,6673
2,6674
3,6675
6,6676
2,6677
5,6678
7,6679
6,6680
7,6681
3,6682
3,6683
2,6684
5,6685
2,6686
7,6687
8,6688
2,6689
7,6690
3,6691
5,6692
3,6693
3,6694
3,6695
0,6696
3,6697
3,6698
2,6699
5,6700
3,6701
5,6702
7,6703
3,6704
3,6705
7,6706
0,6707
2,6708
3,6709
5,6710
3,6711
0,6712
7,6713
6,6714
8,6715
2,6716
3,6717
3,6718
0,6719
7,6720
0,6721
6,6722
3,6723
5,6724
3,6725
3,6726
7,6727
5,6728
2,6729
2,6730
3,6731
0,6732
2,6733
3,6734
8,6735
7,6736
3,6737
5,6738
3,6739
0,6740
8,6741
7,6742
6,6743
7,6744
2,6745
3,6746
8,6747
3,6748
3,6749
5,6750
3,6751
2,6752
6,6753
3,6754
3,6755
2,6756
5,6757
6,6758
2,6759
5,6760
3,6761
2,6762
7,6763
3,6764
5,6765
3,6766
7,6767
2,6768
3,6769
3,6770
3,6771
5,6772
0,6773
2,6774
3,6775
5,6776
0,6777
2,6778
3,6779
5,6780
2,6781
7,6782
3,6783
3,6784
6,6785
5,6786
7,6787
2,6788
8,6789
7,6790
5,6791
3,6792
5,6793
2,6794
6,6795
8,6796
2,6797
3,6798
2,6799
7,6800
5,6801
2,6802
7,6803
8,6804
6,6805
3,6806
3,6807
5,6808
5,6809
0,6810
3,6811
5,6812
8,6813
5,6814
0,6815
2,6816
5,6817
8,6818
0,6819
6,6820
2,6821
6,6822
8,6823
3,6824
2,6825
0,6826
6,6827
7,6828
5,6829
6,6830
3,6831
7,6832
6,6833
2,6834
5,6835
2,6836
0,6837
5,6838
2,6839
8,6840
7,6841
7,6842
6,6843
7,6844
2,6845
6,6846
2,6847
5,6848
2,6849
2,6850
8,6851
2,6852
2,6853
2,6854
0,6855
8,6856
3,6857
5,6858
2,6859
0,6860
3,6861
7,6862
7,6863
8,6864
3,6865
5,6866
3,6867
3,6868
6,6869
2,6870
3,6871
2,6872
6,6873
7,6874
0,6875
8,6876
5,6877
8,6878
7,6879
6,6880
5,6881
5,6882
6,6883
2,6884
5,6885
0,6886
3,6887
0,6888
8,6889
7,6890
7,6891
0,6892
0,6893
6,6894
3,6895
6,6896
0,6897
6,6898
2,6899
3,6900
7,6901
7,6902
5,6903
3,6904
2,6905
7,6906
0,6907
5,6908
5,6909
6,6910
5,6911
0,6912
3,6913
7,6914
8,6915
7,6916
3,6917
2,6918
7,6919
3,6920
2,6921
5,6922
0,6923
6,6924
2,6925
7,6926
6,6927
8,6928
3,6929
0,6930
8,6931
2,6932
3,6933
8,6934
2,6935
5,6936
2,6937
2,6938
7,6939
2,6940
5,6941
6,6942
5,6943
3,6944
3,6945
2,6946
0,6947
2,6948
5,6949
2,6950
3,6951
5,6952
3,6953
5,6954
3,6955
3,6956
2,6957
6,6958
5,6959
7,6960
2,6961
6,6962
8,6963
7,6964
3,6965
3,6966
7,6967
8,6968
6,6969
2,6970
3,6971
7,6972
7,6973
0,6974
3,6975
3,6976
3,6977
6,6978
5,6979
6,6980
2,6981
5,6982
0,6983
7,6984
5,6985
2,6986
7,6987
7,6988
7,6989
6,6990
8,6991
5,6992
5,6993
3,6994
8,6995
7,6996
8,6997
5,6998
5,6999
6,7000
2,7001
3,7002
6,7003
7,7004
3,7005
6,7006
7,7007
0,7008
2,7009
3,7010
5,7011
7,7012
3,7013
7,7014
2,7015
2,7016
7,7017
3,7018
5,7019
6,7020
8,7021
3,7022
8,7023
3,7024
3,7025
2,7026
2,7027
6,7028
6,7029
7,7030
2,7031
6,7032
0,7033
8,7034
2,7035
2,7036
8,7037
8,7038
2,7039
5,7040
2,7041
8,7042
7,7043
5,7044
2,7045
5,7046
6,7047
3,7048
7,7049
0,7050
3,7051
6,7052
3,7053
0,7054
3,7055
2,7056
7,7057
8,7058
5,7059
2,7060
0,7061
7,7062
7,7063
6,7064
5,7065
3,7066
7,7067
5,7068
2,7069
2,7070
2,7071
8,7072
8,7073
5,7074
3,7075
3,7076
3,7077
6,7078
3,7079
6,7080
3,7081
3,7082
3,7083
8,7084
3,7085
3,7086
2,7087
3,7088
5,7089
5,7090
8,7091
3,7092
6,7093
2,7094
7,7095
7,7096
5,7097
5,7098
6,7099
8,7100
2,7101
3,7102
3,7103
3,7104
6,7105
2,7106
3,7107
8,7108
0,7109
2,7110
7,7111
7,7112
3,7113
0,7114
0,7115
0,7116
7,7117
5,7118
8,7119
3,7120
3,7121
2,7122
7,7123
0,7124
0,7125
0,7126
2,7127
5,7128
7,7129
3,7130
6,7131
3,7132
7,7133
5,7134
5,7135
2,7136
6,7137
5,7138
2,7139
6,7140
8,7141
5,7142
5,7143
6,7144
2,7145
7,7146
2,7147
5,7148
5,7149
5,7150
0,7151
0,7152
3,7153
3,7154
0,7155
2,7156
7,7157
0,7158
3,7159
3,7160
2,7161
8,7162
5,7163
0,7164
2,7165
2,7166
5,7167
3,7168
0,7169
7,7170
0,7171
6,7172
5,7173
6,7174
5,7175
6,7176
0,7177
3,7178
3,7179
3,7180
3,7181
8,7182
6,7183
5,7184
7,7185
8,7186
7,7187
2,7188
3,7189
6,7190
8,7191
2,7192
2,7193
0,7194
3,7195
6,7196
5,7197
8,7198
8,7199
0,7200
0,7201
6,7202
0,7203
0,7204
0,7205
3,7206
2,7207
3,7208
7,7209
6,7210
7,7211
0,7212
5,7213
7,7214
7,7215
3,7216
3,7217
7,7218
0,7219
7,7220
7,7221
2,7222
3,7223
3,7224
3,7225
7,7226
7,7227
3,7228
7,7229
7,7230
8,7231
5,7232
7,7233
5,7234
3,7235
5,7236
7,7237
7,7238
5,7239
2,7240
3,7241
3,7242
3,7243
7,7244
6,7245
7,7246
0,7247
7,7248
6,7249
3,7250
2,7251
0,7252
3,7253
5,7254
0,7255
7,7256
5,7257
3,7258
5,7259
7,7260
3,7261
0,7262
2,7263
3,7264
0,7265
0,7266
3,7267
5,7268
5,7269
7,7270
3,7271
5,7272
2,7273
0,7274
5,7275
7,7276
7,7277
5,7278
0,7279
6,7280
2,7281
2,7282
8,7283
0,7284
7,7285
8,7286
3,7287
3,7288
6,7289
7,7290
0,7291
8,7292
5,7293
3,7294
0,7295
6,7296
0,7297
5,7298
7,7299
7,7300
3,7301
2,7302
5,7303
3,7304
2,7305
0,7306
7,7307
3,7308
8,7309
3,7310
8,7311
5,7312
5,7313
0,7314
6,7315
3,7316
7,7317
3,7318
5,7319
0,7320
7,7321
3,7322
7,7323
6,7324
3,7325
2,7326
3,7327
6,7328
2,7329
5,7330
3,7331
7,7332
0,7333
0,7334
2,7335
8,7336
6,7337
0,7338
6,7339
5,7340
8,7341
3,7342
3,7343
3,7344
5,7345
7,7346
3,7347
5,7348
3,7349
6,7350
2,7351
3,7352
3,7353
3,7354
7,7355
3,7356
5,7357
5,7358
6,7359
3,7360
6,7361
7,7362
7,7363
2,7364
3,7365
2,7366
3,7367
5,7368
5,7369
2,7370
2,7371
6,7372
0,7373
5,7374
8,7375
8,7376
6,7377
6,7378
3,7379
5,7380
3,7381
6,7382
5,7383
0,7384
3,7385
8,7386
7,7387
7,7388
6,7389
3,7390
3,7391
7,7392
3,7393
3,7394
3,7395
3,7396
5,7397
2,7398
6,7399
0,7400
7,7401
7,7402
0,7403
0,7404
5,7405
2,7406
5,7407
7,7408
3,7409
5,7410
3,7411
5,7412
7,7413
0,7414
3,7415
5,7416
8,7417
6,7418
3,7419
2,7420
3,7421
7,7422
8,7423
3,7424
7,7425
5,7426
2,7427
7,7428
7,7429
2,7430
5,7431
6,7432
8,7433
7,7434
8,7435
3,7436
6,7437
7,7438
3,7439
3,7440
2,7441
2,7442
5,7443
3,7444
3,7445
3,7446
3,7447
5,7448
8,7449
5,7450
0,7451
0,7452
8,7453
3,7454
6,7455
8,7456
8,7457
0,7458
7,7459
0,7460
7,7461
0,7462
2,7463
8,7464
8,7465
8,7466
3,7467
5,7468
2,7469
3,7470
2,7471
5,7472
2,7473
5,7474
6,7475
6,7476
7,7477
0,7478
8,7479
6,7480
0,7481
0,7482
2,7483
0,7484
5,7485
2,7486
2,7487
0,7488
6,7489
5,7490
6,7491
3,7492
5,7493
3,7494
8,7495
7,7496
3,7497
8,7498
8,7499
7,7500
7,7501
5,7502
0,7503
0,7504
3,7505
7,7506
5,7507
5,7508
2,7509
3,7510
2,7511
5,7512
7,7513
0,7514
5,7515
2,7516
2,7517
8,7518
8,7519
6,7520
0,7521
0,7522
3,7523
3,7524
7,7525
2,7526
5,7527
6,7528
5,7529
2,7530
3,7531
7,7532
2,7533
7,7534
8,7535
2,7536
2,7537
7,7538
0,7539
3,7540
2,7541
2,7542
6,7543
2,7544
0,7545
2,7546
0,7547
3,7548
7,7549
6,7550
2,7551
5,7552
0,7553
6,7554
5,7555
6,7556
0,7557
2,7558
5,7559
8,7560
7,7561
3,7562
5,7563
7,7564
3,7565
8,7566
2,7567
2,7568
7,7569
3,7570
3,7571
2,7572
8,7573
3,7574
5,7575
3,7576
2,7577
0,7578
2,7579
6,7580
7,7581
8,7582
3,7583
8,7584
8,7585
2,7586
8,7587
0,7588
8,7589
2,7590
2,7591
2,7592
8,7593
3,7594
0,7595
8,7596
2,7597
2,7598
2,7599
2,7600
3,7601
5,7602
3,7603
3,7604
5,7605
2,7606
0,7607
3,7608
5,7609
8,7610
3,7611
2,7612
3,7613
0,7614
2,7615
0,7616
2,7617
3,7618
6,7619
5,7620
3,7621
6,7622
0,7623
3,7624
2,7625
7,7626
3,7627
6,7628
3,7629
6,7630
3,7631
7,7632
5,7633
5,7634
3,7635
3,7636
3,7637
3,7638
7,7639
5,7640
7,7641
7,7642
7,7643
5,7644
0,7645
0,7646
2,7647
2,7648
8,7649
3,7650
5,7651
0,7652
0,7653
3,7654
3,7655
0,7656
3,7657
3,7658
2,7659
5,7660
7,7661
2,7662
5,7663
8,7664
3,7665
3,7666
0,7667
2,7668
2,7669
7,7670
8,7671
7,7672
6,7673
6,7674
2,7675
5,7676
7,7677
7,7678
5,7679
3,7680
3,7681
2,7682
7,7683
3,7684
5,7685
8,7686
8,7687
7,7688
7,7689
3,7690
5,7691
2,7692
3,7693
0,7694
3,7695
8,7696
2,7697
3,7698
8,7699
3,7700
0,7701
3,7702
3,7703
2,7704
7,7705
2,7706
2,7707
6,7708
3,7709
7,7710
3,7711
0,7712
3,7713
3,7714
3,7715
5,7716
7,7717
7,7718
3,7719
2,7720
2,7721
2,7722
8,7723
3,7724
7,7725
6,7726
0,7727
2,7728
3,7729
7,7730
2,7731
6,7732
2,7733
2,7734
5,7735
5,7736
3,7737
7,7738
6,7739
3,7740
7,7741
3,7742
5,7743
5,7744
0,7745
8,7746
2,7747
3,7748
2,7749
2,7750
3,7751
7,7752
6,7753
2,7754
8,7755
5,7756
7,7757
6,7758
0,7759
7,7760
0,7761
3,7762
8,7763
3,7764
6,7765
8,7766
8,7767
3,7768
3,7769
6,7770
0,7771
3,7772
6,7773
3,7774
5,7775
8,7776
3,7777
2,7778
2,7779
2,7780
3,7781
8,7782
0,7783
5,7784
5,7785
2,7786
6,7787
8,7788
2,7789
3,7790
5,7791
2,7792
3,7793
6,7794
5,7795
0,7796
0,7797
0,7798
5,7799
2,7800
6,7801
5,7802
2,7803
7,7804
3,7805
6,7806
0,7807
3,7808
2,7809
5,7810
2,7811
5,7812
7,7813
8,7814
2,7815
3,7816
2,7817
8,7818
3,7819
2,7820
7,7821
5,7822
6,7823
3,7824
2,7825
3,7826
2,7827
7,7828
2,7829
7,7830
7,7831
3,7832
2,7833
7,7834
8,7835
0,7836
0,7837
0,7838
6,7839
3,7840
2,7841
7,7842
3,7843
5,7844
3,7845
2,7846
2,7847
3,7848
8,7849
3,7850
5,7851
0,7852
5,7853
3,7854
3,7855
7,7856
8,7857
6,7858
0,7859
3,7860
2,7861
2,7862
2,7863
7,7864
7,7865
3,7866
3,7867
0,7868
0,7869
2,7870
5,7871
2,7872
5,7873
7,7874
5,7875
3,7876
8,7877
7,7878
7,7879
7,7880
5,7881
3,7882
7,7883
5,7884
2,7885
2,7886
6,7887
3,7888
3,7889
0,7890
0,7891
8,7892
3,7893
2,7894
3,7895
2,7896
7,7897
3,7898
7,7899
5,7900
6,7901
0,7902
5,7903
3,7904
0,7905
3,7906
0,7907
2,7908
5,7909
3,7910
3,7911
5,7912
3,7913
3,7914
3,7915
3,7916
5,7917
7,7918
7,7919
5,7920
2,7921
3,7922
2,7923
7,7924
0,7925
7,7926
6,7927
0,7928
8,7929
5,7930
7,7931
3,7932
3,7933
3,7934
0,7935
2,7936
3,7937
7,7938
3,7939
3,7940
2,7941
5,7942
7,7943
2,7944
3,7945
2,7946
3,7947
0,7948
2,7949
3,7950
3,7951
2,7952
5,7953
7,7954
3,7955
5,7956
5,7957
3,7958
3,7959
2,7960
2,7961
3,7962
6,7963
7,7964
3,7965
5,7966
5,7967
8,7968
3,7969
8,7970
7,7971
2,7972
6,7973
2,7974
5,7975
3,7976
2,7977
0,7978
3,7979
3,7980
0,7981
2,7982
2,7983
0,7984
5,7985
3,7986
5,7987
5,7988
8,7989
5,7990
5,7991
8,7992
0,7993
3,7994
7,7995
7,7996
5,7997
5,7998
0,7999
7,8000
7,8001
7,8002
7,8003
7,8004
8,8005
7,8006
0,8007
0,8008
5,8009
5,8010
5,8011
3,8012
7,8013
7,8014
7,8015
0,8016
7,8017
8,8018
0,8019
6,8020
3,8021
2,8022
3,8023
7,8024
7,8025
5,8026
3,8027
5,8028
5,8029
0,8030
2,8031
6,8032
3,8033
6,8034
2,8035
3,8036
5,8037
5,8038
5,8039
6,8040
3,8041
5,8042
2,8043
3,8044
6,8045
3,8046
6,8047
2,8048
3,8049
7,8050
3,8051
7,8052
5,8053
0,8054
5,8055
3,8056
5,8057
0,8058
6,8059
2,8060
2,8061
7,8062
8,8063
8,8064
3,8065
0,8066
5,8067
8,8068
2,8069
5,8070
3,8071
0,8072
3,8073
8,8074
2,8075
7,8076
3,8077
7,8078
5,8079
3,8080
5,8081
5,8082
5,8083
5,8084
8,8085
7,8086
5,8087
0,8088
6,8089
5,8090
0,8091
2,8092
0,8093
2,8094
0,8095
8,8096
3,8097
8,8098
3,8099
3,8100
5,8101
8,8102
5,8103
3,8104
3,8105
0,8106
2,8107
2,8108
6,8109
5,8110
6,8111
3,8112
8,8113
8,8114
0,8115
0,8116
7,8117
8,8118
2,8119
3,8120
6,8121
5,8122
7,8123
8,8124
5,8125
3,8126
2,8127
3,8128
2,8129
5,8130
5,8131
5,8132
0,8133
5,8134
2,8135
2,8136
7,8137
2,8138
0,8139
8,8140
8,8141
2,8142
3,8143
5,8144
0,8145
5,8146
6,8147
5,8148
6,8149
3,8150
3,8151
2,8152
6,8153
7,8154
5,8155
0,8156
3,8157
7,8158
5,8159
5,8160
7,8161
0,8162
8,8163
6,8164
0,8165
5,8166
7,8167
5,8168
8,8169
7,8170
5,8171
5,8172
3,8173
3,8174
0,8175
2,8176
0,8177
5,8178
8,8179
6,8180
8,8181
2,8182
5,8183
0,8184
8,8185
6,8186
3,8187
6,8188
5,8189
0,8190
0,8191
0,8192
6,8193
7,8194
2,8195
7,8196
5,8197
3,8198
5,8199
2,8200
8,8201
3,8202
3,8203
7,8204
3,8205
3,8206
7,8207
6,8208
0,8209
7,8210
2,8211
5,8212
5,8213
8,8214
0,8215
3,8216
0,8217
7,8218
0,8219
3,8220
8,8221
5,8222
7,8223
7,8224
5,8225
0,8226
8,8227
8,8228
2,8229
7,8230
0,8231
0,8232
5,8233
2,8234
2,8235
7,8236
0,8237
3,8238
6,8239
2,8240
2,8241
6,8242
6,8243
3,8244
8,8245
3,8246
6,8247
8,8248
2,8249
8,8250
6,8251
0,8252
8,8253
8,8254
5,8255
2,8256
0,8257
8,8258
6,8259
7,8260
5,8261
8,8262
3,8263
3,8264
7,8265
3,8266
8,8267
7,8268
0,8269
0,8270
8,8271
8,8272
5,8273
3,8274
0,8275
3,8276
6,8277
3,8278
6,8279
3,8280
5,8281
2,8282
7,8283
5,8284
5,8285
0,8286
7,8287
5,8288
8,8289
2,8290
2,8291
2,8292
2,8293
5,8294
0,8295
7,8296
8,8297
2,8298
5,8299
0,8300
3,8301
6,8302
7,8303
0,8304
8,8305
8,8306
7,8307
0,8308
8,8309
5,8310
3,8311
3,8312
5,8313
3,8314
3,8315
2,8316
7,8317
7,8318
8,8319
6,8320
0,8321
2,8322
5,8323
2,8324
8,8325
0,8326
8,8327
0,8328
2,8329
3,8330
7,8331
0,8332
5,8333
6,8334
3,8335
6,8336
7,8337
3,8338
0,8339
3,8340
7,8341
3,8342
2,8343
0,8344
8,8345
3,8346
3,8347
2,8348
8,8349
5,8350
5,8351
0,8352
0,8353
2,8354
3,8355
3,8356
0,8357
0,8358
3,8359
3,8360
2,8361
5,8362
3,8363
0,8364
2,8365
8,8366
0,8367
7,8368
5,8369
2,8370
2,8371
6,8372
7,8373
5,8374
2,8375
0,8376
5,8377
6,8378
3,8379
7,8380
5,8381
7,8382
3,8383
8,8384
2,8385
3,8386
7,8387
8,8388
7,8389
7,8390
7,8391
2,8392
5,8393
5,8394
2,8395
2,8396
5,8397
6,8398
3,8399
7,8400
7,8401
5,8402
3,8403
8,8404
5,8405
2,8406
5,8407
6,8408
2,8409
2,8410
5,8411
7,8412
3,8413
3,8414
5,8415
3,8416
2,8417
7,8418
5,8419
6,8420
2,8421
2,8422
5,8423
7,8424
0,8425
2,8426
8,8427
6,8428
0,8429
5,8430
2,8431
0,8432
8,8433
2,8434
5,8435
7,8436
8,8437
7,8438
7,8439
8,8440
0,8441
5,8442
5,8443
8,8444
3,8445
8,8446
6,8447
7,8448
3,8449
6,8450
5,8451
6,8452
8,8453
3,8454
5,8455
0,8456
3,8457
5,8458
6,8459
0,8460
7,8461
5,8462
7,8463
6,8464
5,8465
3,8466
2,8467
2,8468
2,8469
7,8470
7,8471
3,8472
0,8473
6,8474
5,8475
2,8476
0,8477
5,8478
6,8479
7,8480
2,8481
2,8482
3,8483
5,8484
2,8485
5,8486
6,8487
7,8488
0,8489
2,8490
8,8491
3,8492
8,8493
5,8494
6,8495
3,8496
2,8497
7,8498
2,8499
3,8500
2,8501
0,8502
3,8503
5,8504
2,8505
0,8506
2,8507
8,8508
3,8509
5,8510
2,8511
3,8512
0,8513
5,8514
7,8515
6,8516
3,8517
3,8518
8,8519
3,8520
2,8521
5,8522
5,8523
8,8524
6,8525
5,8526
3,8527
6,8528
3,8529
3,8530
3,8531
5,8532
6,8533
7,8534
8,8535
3,8536
5,8537
5,8538
5,8539
8,8540
0,8541
2,8542
0,8543
8,8544
3,8545
7,8546
2,8547
3,8548
3,8549
7,8550
8,8551
3,8552
8,8553
5,8554
3,8555
6,8556
3,8557
5,8558
6,8559
5,8560
2,8561
2,8562
7,8563
3,8564
5,8565
0,8566
3,8567
5,8568
0,8569
0,8570
0,8571
5,8572
3,8573
7,8574
6,8575
0,8576
7,8577
8,8578
6,8579
6,8580
8,8581
6,8582
8,8583
6,8584
3,8585
6,8586
3,8587
8,8588
3,8589
2,8590
8,8591
8,8592
7,8593
5,8594
8,8595
0,8596
3,8597
8,8598
5,8599
7,8600
0,8601
8,8602
7,8603
7,8604
6,8605
3,8606
5,8607
7,8608
7,8609
5,8610
0,8611
0,8612
2,8613
2,8614
2,8615
5,8616
5,8617
7,8618
0,8619
3,8620
3,8621
7,8622
6,8623
5,8624
3,8625
5,8626
5,8627
7,8628
8,8629
5,8630
6,8631
8,8632
6,8633
6,8634
3,8635
7,8636
2,8637
5,8638
5,8639
3,8640
0,8641
3,8642
3,8643
2,8644
3,8645
6,8646
3,8647
2,8648
5,8649
6,8650
2,8651
3,8652
8,8653
3,8654
5,8655
5,8656
6,8657
8,8658
0,8659
7,8660
3,8661
0,8662
0,8663
3,8664
6,8665
2,8666
2,8667
8,8668
3,8669
3,8670
0,8671
3,8672
2,8673
2,8674
8,8675
5,8676
0,8677
5,8678
3,8679
6,8680
6,8681
8,8682
7,8683
3,8684
2,8685
5,8686
8,8687
8,8688
7,8689
6,8690
3,8691
0,8692
2,8693
2,8694
2,8695
2,8696
3,8697
8,8698
2,8699
5,8700
3,8701
6,8702
8,8703
3,8704
3,8705
7,8706
7,8707
8,8708
2,8709
7,8710
6,8711
5,8712
3,8713
8,8714
6,8715
5,8716
0,8717
7,8718
3,8719
3,8720
3,8721
5,8722
3,8723
5,8724
7,8725
2,8726
3,8727
3,8728
2,8729
3,8730
5,8731
5,8732
7,8733
2,8734
3,8735
3,8736
3,8737
7,8738
3,8739
3,8740
8,8741
3,8742
6,8743
7,8744
2,8745
5,8746
3,8747
2,8748
7,8749
7,8750
0,8751
2,8752
0,8753
8,8754
3,8755
3,8756
2,8757
7,8758
2,8759
2,8760
2,8761
3,8762
7,8763
7,8764
3,8765
0,8766
7,8767
7,8768
6,8769
0,8770
2,8771
3,8772
6,8773
5,8774
8,8775
3,8776
8,8777
7,8778
5,8779
2,8780
0,8781
0,8782
2,8783
5,8784
6,8785
2,8786
5,8787
3,8788
8,8789
7,8790
2,8791
3,8792
8,8793
6,8794
2,8795
3,8796
7,8797
6,8798
7,8799
5,8800
6,8801
3,8802
0,8803
6,8804
6,8805
2,8806
7,8807
6,8808
6,8809
5,8810
8,8811
5,8812
0,8813
8,8814
0,8815
8,8816
6,8817
2,8818
3,8819
3,8820
7,8821
2,8822
0,8823
6,8824
3,8825
0,8826
0,8827
3,8828
7,8829
7,8830
2,8831
6,8832
0,8833
6,8834
6,8835
5,8836
0,8837
2,8838
7,8839
2,8840
0,8841
0,8842
5,8843
5,8844
3,8845
2,8846
0,8847
2,8848
5,8849
3,8850
2,8851
8,8852
3,8853
0,8854
8,8855
7,8856
8,8857
2,8858
3,8859
3,8860
2,8861
3,8862
0,8863
3,8864
5,8865
6,8866
5,8867
5,8868
6,8869
7,8870
3,8871
3,8872
0,8873
3,8874
2,8875
0,8876
3,8877
7,8878
2,8879
0,8880
3,8881
0,8882
8,8883
8,8884
5,8885
8,8886
2,8887
3,8888
3,8889
8,8890
5,8891
8,8892
2,8893
5,8894
2,8895
7,8896
7,8897
0,8898
3,8899
3,8900
0,8901
3,8902
7,8903
0,8904
3,8905
3,8906
6,8907
7,8908
3,8909
7,8910
7,8911
8,8912
3,8913
0,8914
3,8915
7,8916
2,8917
3,8918
5,8919
7,8920
6,8921
0,8922
2,8923
3,8924
6,8925
0,8926
3,8927
5,8928
5,8929
2,8930
5,8931
7,8932
3,8933
5,8934
7,8935
3,8936
5,8937
6,8938
5,8939
2,8940
6,8941
7,8942
0,8943
7,8944
2,8945
3,8946
5,8947
3,8948
7,8949
2,8950
7,8951
8,8952
7,8953
0,8954
5,8955
6,8956
6,8957
8,8958
8,8959
2,8960
5,8961
2,8962
5,8963
3,8964
3,8965
2,8966
6,8967
3,8968
3,8969
3,8970
2,8971
0,8972
5,8973
3,8974
5,8975
3,8976
8,8977
5,8978
0,8979
2,8980
6,8981
8,8982
3,8983
5,8984
3,8985
3,8986
5,8987
6,8988
2,8989
5,8990
8,8991
5,8992
3,8993
7,8994
2,8995
7,8996
3,8997
7,8998
3,8999
5,9000
2,9001
5,9002
3,9003
6,9004
3,9005
5,9006
0,9007
2,9008
2,9009
8,9010
7,9011
0,9012
3,9013
2,9014
0,9015
8,9016
5,9017
3,9018
5,9019
0,9020
3,9021
6,9022
3,9023
3,9024
6,9025
7,9026
8,9027
8,9028
5,9029
0,9030
3,9031
8,9032
8,9033
6,9034
5,9035
7,9036
2,9037
2,9038
6,9039
5,9040
7,9041
7,9042
5,9043
7,9044
7,9045
7,9046
3,9047
5,9048
0,9049
7,9050
6,9051
0,9052
5,9053
5,9054
8,9055
5,9056
7,9057
5,9058
2,9059
5,9060
5,9061
7,9062
3,9063
5,9064
7,9065
2,9066
8,9067
5,9068
6,9069
3,9070
2,9071
0,9072
2,9073
7,9074
2,9075
2,9076
3,9077
6,9078
8,9079
8,9080
3,9081
7,9082
5,9083
6,9084
3,9085
2,9086
6,9087
6,9088
8,9089
2,9090
3,9091
7,9092
7,9093
0,9094
5,9095
3,9096
7,9097
2,9098
7,9099
0,9100
6,9101
3,9102
3,9103
5,9104
6,9105
2,9106
6,9107
6,9108
3,9109
3,9110
3,9111
7,9112
5,9113
2,9114
6,9115
2,9116
2,9117
7,9118
3,9119
3,9120
2,9121
7,9122
6,9123
2,9124
8,9125
7,9126
2,9127
2,9128
6,9129
0,9130
5,9131
7,9132
8,9133
0,9134
2,9135
2,9136
5,9137
8,9138
6,9139
0,9140
8,9141
3,9142
6,9143
5,9144
2,9145
3,9146
2,9147
3,9148
6,9149
7,9150
2,9151
8,9152
2,9153
6,9154
3,9155
2,9156
3,9157
7,9158
7,9159
0,9160
2,9161
3,9162
5,9163
0,9164
5,9165
8,9166
7,9167
6,9168
6,9169
2,9170
3,9171
3,9172
3,9173
0,9174
3,9175
2,9176
8,9177
5,9178
7,9179
2,9180
5,9181
8,9182
0,9183
3,9184
8,9185
2,9186
0,9187
6,9188
6,9189
3,9190
8,9191
5,9192
5,9193
8,9194
7,9195
8,9196
2,9197
8,9198
0,9199
5,9200
3,9201
5,9202
2,9203
3,9204
6,9205
6,9206
3,9207
6,9208
0,9209
8,9210
2,9211
7,9212
2,9213
7,9214
8,9215
6,9216
8,9217
8,9218
2,9219
3,9220
6,9221
2,9222
3,9223
2,9224
3,9225
5,9226
3,9227
6,9228
2,9229
5,9230
2,9231
5,9232
3,9233
5,9234
5,9235
2,9236
2,9237
6,9238
2,9239
0,9240
2,9241
7,9242
0,9243
3,9244
6,9245
7,9246
5,9247
8,9248
8,9249
2,9250
3,9251
3,9252
3,9253
8,9254
5,9255
0,9256
3,9257
5,9258
0,9259
3,9260
3,9261
5,9262
7,9263
5,9264
2,9265
7,9266
5,9267
5,9268
6,9269
5,9270
2,9271
0,9272
3,9273
2,9274
2,9275
3,9276
5,9277
8,9278
3,9279
5,9280
2,9281
3,9282
2,9283
2,9284
5,9285
7,9286
3,9287
3,9288
5,9289
7,9290
2,9291
7,9292
2,9293
5,9294
0,9295
2,9296
3,9297
8,9298
0,9299
7,9300
3,9301
2,9302
8,9303
6,9304
8,9305
3,9306
3,9307
7,9308
5,9309
5,9310
8,9311
2,9312
0,9313
3,9314
2,9315
5,9316
7,9317
2,9318
6,9319
8,9320
2,9321
5,9322
0,9323
3,9324
0,9325
2,9326
2,9327
0,9328
2,9329
3,9330
7,9331
3,9332
5,9333
7,9334
6,9335
7,9336
6,9337
6,9338
2,9339
2,9340
3,9341
0,9342
5,9343
5,9344
7,9345
7,9346
3,9347
0,9348
3,9349
0,9350
2,9351
5,9352
0,9353
8,9354
3,9355
7,9356
5,9357
7,9358
0,9359
0,9360
5,9361
7,9362
0,9363
7,9364
6,9365
8,9366
5,9367
3,9368
3,9369
3,9370
5,9371
8,9372
6,9373
3,9374
5,9375
8,9376
8,9377
6,9378
7,9379
2,9380
8,9381
6,9382
3,9383
6,9384
5,9385
2,9386
8,9387
2,9388
3,9389
2,9390
2,9391
8,9392
6,9393
2,9394
3,9395
6,9396
3,9397
7,9398
8,9399
5,9400
5,9401
7,9402
3,9403
7,9404
5,9405
2,9406
2,9407
3,9408
2,9409
2,9410
8,9411
2,9412
7,9413
7,9414
5,9415
0,9416
7,9417
8,9418
0,9419
2,9420
7,9421
0,9422
7,9423
0,9424
6,9425
3,9426
0,9427
0,9428
3,9429
5,9430
3,9431
6,9432
0,9433
0,9434
5,9435
3,9436
3,9437
6,9438
8,9439
5,9440
6,9441
6,9442
3,9443
2,9444
2,9445
6,9446
5,9447
7,9448
5,9449
7,9450
0,9451
7,9452
7,9453
0,9454
0,9455
2,9456
8,9457
3,9458
2,9459
0,9460
3,9461
3,9462
0,9463
3,9464
5,9465
2,9466
2,9467
5,9468
2,9469
8,9470
8,9471
0,9472
5,9473
8,9474
8,9475
8,9476
7,9477
3,9478
3,9479
2,9480
7,9481
3,9482
6,9483
0,9484
3,9485
7,9486
2,9487
2,9488
3,9489
2,9490
0,9491
2,9492
7,9493
5,9494
2,9495
0,9496
0,9497
2,9498
2,9499
7,9500
7,9501
7,9502
6,9503
6,9504
6,9505
0,9506
6,9507
0,9508
3,9509
2,9510
5,9511
0,9512
0,9513
5,9514
2,9515
7,9516
3,9517
0,9518
7,9519
2,9520
6,9521
7,9522
7,9523
0,9524
5,9525
5,9526
3,9527
0,9528
0,9529
7,9530
8,9531
7,9532
8,9533
3,9534
3,9535
5,9536
7,9537
7,9538
7,9539
7,9540
5,9541
8,9542
8,9543
2,9544
3,9545
5,9546
6,9547
7,9548
3,9549
6,9550
7,9551
5,9552
3,9553
5,9554
0,9555
3,9556
0,9557
2,9558
6,9559
0,9560
0,9561
8,9562
2,9563
5,9564
7,9565
2,9566
8,9567
3,9568
2,9569
2,9570
2,9571
3,9572
8,9573
6,9574
8,9575
5,9576
2,9577
2,9578
5,9579
3,9580
7,9581
5,9582
7,9583
6,9584
7,9585
5,9586
0,9587
2,9588
0,9589
2,9590
0,9591
2,9592
2,9593
6,9594
8,9595
7,9596
2,9597
7,9598
3,9599
2,9600
7,9601
3,9602
6,9603
7,9604
3,9605
8,9606
7,9607
5,9608
8,9609
8,9610
3,9611
5,9612
5,9613
2,9614
0,9615
6,9616
7,9617
5,9618
0,9619
6,9620
2,9621
3,9622
3,9623
5,9624
2,9625
6,9626
7,9627
3,9628
6,9629
2,9630
8,9631
0,9632
2,9633
7,9634
0,9635
5,9636
0,9637
2,9638
2,9639
3,9640
3,9641
0,9642
5,9643
7,9644
5,9645
5,9646
8,9647
3,9648
8,9649
2,9650
3,9651
5,9652
3,9653
0,9654
3,9655
7,9656
2,9657
3,9658
5,9659
6,9660
2,9661
8,9662
2,9663
8,9664
7,9665
7,9666
0,9667
0,9668
0,9669
8,9670
2,9671
2,9672
2,9673
6,9674
7,9675
7,9676
8,9677
2,9678
8,9679
6,9680
6,9681
3,9682
7,9683
0,9684
0,9685
8,9686
7,9687
5,9688
2,9689
3,9690
3,9691
0,9692
3,9693
7,9694
3,9695
0,9696
2,9697
8,9698
3,9699
0,9700
3,9701
2,9702
5,9703
7,9704
7,9705
7,9706
8,9707
3,9708
5,9709
5,9710
2,9711
6,9712
8,9713
7,9714
6,9715
7,9716
3,9717
6,9718
3,9719
3,9720
2,9721
5,9722
0,9723
3,9724
3,9725
0,9726
6,9727
7,9728
8,9729
3,9730
5,9731
2,9732
3,9733
0,9734
3,9735
0,9736
0,9737
5,9738
0,9739
6,9740
7,9741
3,9742
2,9743
0,9744
2,9745
8,9746
7,9747
7,9748
3,9749
0,9750
5,9751
5,9752
0,9753
7,9754
3,9755
3,9756
7,9757
2,9758
0,9759
3,9760
8,9761
7,9762
0,9763
3,9764
0,9765
3,9766
5,9767
6,9768
0,9769
5,9770
0,9771
0,9772
3,9773
3,9774
0,9775
3,9776
6,9777
3,9778
3,9779
0,9780
5,9781
7,9782
2,9783
2,9784
0,9785
2,9786
0,9787
0,9788
0,9789
3,9790
6,9791
6,9792
3,9793
6,9794
2,9795
2,9796
8,9797
5,9798
2,9799
5,9800
5,9801
3,9802
7,9803
2,9804
5,9805
6,9806
7,9807
5,9808
3,9809
3,9810
5,9811
7,9812
5,9813
7,9814
6,9815
3,9816
7,9817
3,9818
8,9819
5,9820
3,9821
2,9822
6,9823
7,9824
3,9825
2,9826
6,9827
3,9828
0,9829
6,9830
8,9831
2,9832
5,9833
3,9834
3,9835
7,9836
3,9837
8,9838
3,9839
7,9840
3,9841
8,9842
2,9843
6,9844
6,9845
7,9846
8,9847
6,9848
5,9849
3,9850
2,9851
0,9852
5,9853
5,9854
6,9855
2,9856
2,9857
0,9858
7,9859
5,9860
3,9861
3,9862
3,9863
3,9864
5,9865
0,9866
2,9867
3,9868
0,9869
0,9870
5,9871
5,9872
0,9873
3,9874
5,9875
3,9876
7,9877
0,9878
5,9879
3,9880
3,9881
6,9882
5,9883
3,9884
5,9885
5,9886
2,9887
0,9888
5,9889
8,9890
5,9891
2,9892
5,9893
2,9894
8,9895
8,9896
2,9897
3,9898
8,9899
8,9900
5,9901
3,9902
7,9903
7,9904
7,9905
3,9906
3,9907
2,9908
0,9909
5,9910
2,9911
5,9912
2,9913
5,9914
7,9915
7,9916
5,9917
8,9918
2,9919
6,9920
7,9921
7,9922
2,9923
3,9924
7,9925
5,9926
2,9927
8,9928
8,9929
7,9930
7,9931
7,9932
3,9933
0,9934
3,9935
5,9936
8,9937
5,9938
6,9939
5,9940
5,9941
7,9942
2,9943
8,9944
2,9945
8,9946
5,9947
3,9948
7,9949
7,9950
8,9951
5,9952
3,9953
2,9954
6,9955
8,9956
7,9957
2,9958
6,9959
7,9960
3,9961
2,9962
2,9963
2,9964
3,9965
2,9966
5,9967
0,9968
8,9969
5,9970
5,9971
6,9972
0,9973
7,9974
0,9975
8,9976
8,9977
7,9978
2,9979
7,9980
2,9981
7,9982
5,9983
5,9984
0,9985
2,9986
6,9987
7,9988
5,9989
7,9990
5,9991
6,9992
8,9993
0,9994
0,9995
6,9996
8,9997
8,9998
2,9999
